tweet-sno-1200	Q0	vclaim-sno-lady-gaga-oreo	1	45.67763113897761	SimBa
tweet-sno-1200	Q0	vclaim-sno-black-raspberry-chocolate-chip-oreos	1	41.77630924061951	SimBa
tweet-sno-1200	Q0	vclaim-sno-red-velvet-oreos	1	40.61507035459104	SimBa
tweet-sno-1200	Q0	vclaim-sno-basic-instinct	1	40.2553091789305	SimBa
tweet-sno-1200	Q0	vclaim-sno-oreos-fake-tweet	1	38.85313007486746	SimBa
tweet-sno-1201	Q0	vclaim-sno-biden-executive-order-dictator	1	56.877092864348285	SimBa
tweet-sno-1201	Q0	vclaim-sno-biden-signing-blank-papers	1	48.74086494105954	SimBa
tweet-sno-1201	Q0	vclaim-sno-mitch-mcconnell-one-of-my-proudest-moments	1	47.6935724131756	SimBa
tweet-sno-1201	Q0	vclaim-sno-biden-violate-mask-mandate	1	47.606222960113	SimBa
tweet-sno-1201	Q0	vclaim-sno-trump-executive-order-biden	1	45.31992556864723	SimBa
tweet-sno-1202	Q0	vclaim-sno-biden-executive-order-dictator	1	53.897387529817	SimBa
tweet-sno-1202	Q0	vclaim-sno-jimmy-carter-functioning-democracy	1	41.88672556207745	SimBa
tweet-sno-1202	Q0	vclaim-sno-biden-pandemic-statement	1	41.63391504835078	SimBa
tweet-sno-1202	Q0	vclaim-sno-biden-signing-blank-papers	1	41.131378621463796	SimBa
tweet-sno-1202	Q0	vclaim-sno-trump-voter-interference	1	40.61433570372509	SimBa
tweet-sno-1203	Q0	vclaim-sno-farmers-protest-india-flag	1	52.52967431726822	SimBa
tweet-sno-1203	Q0	vclaim-sno-indian-flag-capitol-riots	1	45.12319085739747	SimBa
tweet-sno-1203	Q0	vclaim-sno-capture-the-flag	1	42.84776990527981	SimBa
tweet-sno-1203	Q0	vclaim-sno-welcome-to-calexico	1	42.2471597697396	SimBa
tweet-sno-1203	Q0	vclaim-sno-fathers-day-protest-photo	1	41.877651516200764	SimBa
tweet-sno-1204	Q0	vclaim-sno-biden-bans-china-virus	1	63.259304063429084	SimBa
tweet-sno-1204	Q0	vclaim-sno-power-grid-executive-order	1	48.45655736022792	SimBa
tweet-sno-1204	Q0	vclaim-sno-biden-abortion-exec-order	1	47.00977180563149	SimBa
tweet-sno-1204	Q0	vclaim-sno-trump-ban-travel-china-pandemic	1	45.7295981009227	SimBa
tweet-sno-1204	Q0	vclaim-sno-trump-executive-order-biden	1	44.679070365422184	SimBa
tweet-sno-1205	Q0	vclaim-sno-trump-office-former-president	1	50.49168571186685	SimBa
tweet-sno-1205	Q0	vclaim-sno-trump-twitter-john-barron-1946	1	45.711412744037794	SimBa
tweet-sno-1205	Q0	vclaim-sno-sag-letter-president-trump	1	44.63717782717853	SimBa
tweet-sno-1205	Q0	vclaim-sno-donald-trump-goya-beans	1	43.56272168759836	SimBa
tweet-sno-1205	Q0	vclaim-sno-desk-job	1	43.10172050419868	SimBa
tweet-sno-1206	Q0	vclaim-sno-trump-office-former-president	1	58.2920828269462	SimBa
tweet-sno-1206	Q0	vclaim-sno-trump-twitter-john-barron-1946	1	50.279817780974774	SimBa
tweet-sno-1206	Q0	vclaim-sno-trump-faith-based-initiative	1	48.43855473578035	SimBa
tweet-sno-1206	Q0	vclaim-sno-donald-trump-remain-apprentice-inauguration	1	46.45056637202219	SimBa
tweet-sno-1206	Q0	vclaim-sno-obama-trump-transition-letter	1	45.501149962766064	SimBa
tweet-sno-1207	Q0	vclaim-sno-cocaine-smuggled-in-bananas	1	51.6665364246197	SimBa
tweet-sno-1207	Q0	vclaim-sno-seattle-crochet-cocaine	1	45.04129235555238	SimBa
tweet-sno-1207	Q0	vclaim-sno-cocaine-mitch	1	40.99862783051582	SimBa
tweet-sno-1207	Q0	vclaim-sno-mexico-seizes-us-cocaine	1	40.950455732756076	SimBa
tweet-sno-1207	Q0	vclaim-sno-capri-cocaine	1	40.23072091298353	SimBa
tweet-sno-1208	Q0	vclaim-sno-national-guard-parking-garage	1	49.467859034644455	SimBa
tweet-sno-1208	Q0	vclaim-sno-marines-corps-rebuke-pelosi	1	43.35585771685856	SimBa
tweet-sno-1208	Q0	vclaim-sno-biden-dogs-kicked-out-white-house	1	41.975806550240655	SimBa
tweet-sno-1208	Q0	vclaim-sno-biden-troops-stupid-bastards	1	41.879169551870355	SimBa
tweet-sno-1208	Q0	vclaim-sno-delta-force-biden-ukraine	1	40.92731090686183	SimBa
tweet-sno-1209	Q0	vclaim-sno-schumer-erection-senate-floor	1	53.969301297548114	SimBa
tweet-sno-1209	Q0	vclaim-sno-trump-letter-schumer	1	45.75251958604734	SimBa
tweet-sno-1209	Q0	vclaim-sno-chuck-schumer-resigns-disgrace	1	43.612208144944525	SimBa
tweet-sno-1209	Q0	vclaim-sno-trump-jr-impeached-deplorable	1	43.51719873084483	SimBa
tweet-sno-1209	Q0	vclaim-sno-chuck-schumer-kissing-a-girl	1	43.29637098615494	SimBa
tweet-sno-1210	Q0	vclaim-sno-schumer-erection-senate-floor	1	54.20861829985127	SimBa
tweet-sno-1210	Q0	vclaim-sno-chuck-schumer-kissing-a-girl	1	42.69551553039085	SimBa
tweet-sno-1210	Q0	vclaim-sno-chuck-schumer-resigns-disgrace	1	41.87119252927083	SimBa
tweet-sno-1210	Q0	vclaim-sno-schumer-daughter-cheerleader	1	41.40885042537616	SimBa
tweet-sno-1210	Q0	vclaim-sno-presidential-erection	1	41.22233364788822	SimBa
tweet-sno-1211	Q0	vclaim-sno-schumer-erection-senate-floor	1	58.85774981931449	SimBa
tweet-sno-1211	Q0	vclaim-sno-mcconnell-trump-attack-capitol	1	47.91674491793474	SimBa
tweet-sno-1211	Q0	vclaim-sno-trump-peacefully-and-patriotically	1	45.898856555250354	SimBa
tweet-sno-1211	Q0	vclaim-sno-chuck-schumer-resigns-disgrace	1	45.55684784207569	SimBa
tweet-sno-1211	Q0	vclaim-sno-insurrection-act-trump	1	44.75696475213924	SimBa
tweet-sno-1212	Q0	vclaim-sno-schumer-erection-senate-floor	1	52.93080765093105	SimBa
tweet-sno-1212	Q0	vclaim-sno-schumer-daughter-cheerleader	1	42.505370204519714	SimBa
tweet-sno-1212	Q0	vclaim-sno-chuck-schumer-kissing-a-girl	1	42.36220348244181	SimBa
tweet-sno-1212	Q0	vclaim-sno-trey-gowdy-nancy-pelosi	1	41.378523932114874	SimBa
tweet-sno-1212	Q0	vclaim-sno-trump-letter-schumer	1	41.29617806829391	SimBa
tweet-sno-1213	Q0	vclaim-sno-schumer-erection-senate-floor	1	51.977326840977355	SimBa
tweet-sno-1213	Q0	vclaim-sno-chuck-schumer-kissing-a-girl	1	42.282231899178996	SimBa
tweet-sno-1213	Q0	vclaim-sno-chuck-schumer-resigns-disgrace	1	41.11861714537258	SimBa
tweet-sno-1213	Q0	vclaim-sno-obama-white-house-statue	1	39.68244704697487	SimBa
tweet-sno-1213	Q0	vclaim-sno-schumer-daughter-cheerleader	1	39.224574986521006	SimBa
tweet-sno-1214	Q0	vclaim-sno-schumer-erection-senate-floor	1	54.37686996728327	SimBa
tweet-sno-1214	Q0	vclaim-sno-bernie-sanders-loser-meme	1	38.951066292467395	SimBa
tweet-sno-1214	Q0	vclaim-sno-democrats-giddy-covid	1	38.6992573619364	SimBa
tweet-sno-1214	Q0	vclaim-sno-barney-frank-bernie-sanders	1	38.46392953494603	SimBa
tweet-sno-1214	Q0	vclaim-sno-huckabee-trump-biden-meme	1	38.078865673555256	SimBa
tweet-sno-1215	Q0	vclaim-sno-bernice-king-mlk-day-instagram	1	54.483736634726654	SimBa
tweet-sno-1215	Q0	vclaim-sno-i-have-a-what	1	41.61633392520487	SimBa
tweet-sno-1215	Q0	vclaim-sno-ammon-bundy-rosa-parks	1	40.421026216493345	SimBa
tweet-sno-1215	Q0	vclaim-sno-deray-mckesson-tweet-chicago	1	40.07299777922607	SimBa
tweet-sno-1215	Q0	vclaim-sno-naacp-covers-george-washington-statue-mlk-day-event	1	39.85147808075134	SimBa
tweet-sno-1216	Q0	vclaim-sno-mypillow-discount-codes-qanon	1	49.74116741475719	SimBa
tweet-sno-1216	Q0	vclaim-sno-whitehouse-promoting-melania-trumps-qvc-products	1	40.788476409849906	SimBa
tweet-sno-1216	Q0	vclaim-sno-trump-fail-to-denounce-qanon	1	40.182922496787	SimBa
tweet-sno-1216	Q0	vclaim-sno-kohls-facebook-coupon-scam	1	38.71552303942287	SimBa
tweet-sno-1216	Q0	vclaim-sno-starbucks-dreamer-day	1	37.584112477878456	SimBa
tweet-sno-1217	Q0	vclaim-sno-tesla-hiring-complaints-elon-musk	1	54.214174506458875	SimBa
tweet-sno-1217	Q0	vclaim-sno-jeff-goldblum-musk-zuckerberg	1	39.50745382841649	SimBa
tweet-sno-1217	Q0	vclaim-sno-elon-musk-illegal-immigrant	1	39.343673043413574	SimBa
tweet-sno-1217	Q0	vclaim-sno-elon-musk-death-hoax	1	39.11893050834735	SimBa
tweet-sno-1217	Q0	vclaim-sno-elon-musk-donald-trump-dumbass	1	37.97635614936494	SimBa
tweet-sno-1218	Q0	vclaim-sno-gwyneth-vagina-candle-explode	1	46.02062482075342	SimBa
tweet-sno-1218	Q0	vclaim-sno-gwyneth-paltrow-vagina-candle	1	43.845852764277346	SimBa
tweet-sno-1218	Q0	vclaim-sno-do-scented-candles-cause-cancer	1	42.53343802631254	SimBa
tweet-sno-1218	Q0	vclaim-sno-crayon-candle	1	40.68447465314498	SimBa
tweet-sno-1218	Q0	vclaim-sno-perfume-car-fire-ac	1	39.73479468991653	SimBa
tweet-sno-1219	Q0	vclaim-sno-twitter-marjorie-taylor-greene	1	56.721527436534465	SimBa
tweet-sno-1219	Q0	vclaim-sno-did-twitter-lock-trumps-account	1	49.89416803415577	SimBa
tweet-sno-1219	Q0	vclaim-sno-twitter-delete-trump-account-racism	1	47.16854120452795	SimBa
tweet-sno-1219	Q0	vclaim-sno-snl-writer-suspended-tweet-barron	1	46.57638552370219	SimBa
tweet-sno-1219	Q0	vclaim-sno-nps-twitter-account-shut-down	1	45.965452686128295	SimBa
tweet-sno-1220	Q0	vclaim-sno-burger-king-logo-new	1	58.26468272750295	SimBa
tweet-sno-1220	Q0	vclaim-sno-burger-king-adult-meal	1	43.269333124939514	SimBa
tweet-sno-1220	Q0	vclaim-sno-yumbo-drop	1	42.77818905264788	SimBa
tweet-sno-1220	Q0	vclaim-sno-amazon-logo-hitlers-mustache	1	42.32947686535592	SimBa
tweet-sno-1220	Q0	vclaim-sno-burger-king-tweet-women-kitchen	1	42.19288874307989	SimBa
tweet-sno-1221	Q0	vclaim-sno-covid-vaccine-throw-away	1	44.38793714068416	SimBa
tweet-sno-1221	Q0	vclaim-sno-new-york-covid-vaccine-preregister	1	43.50505620547849	SimBa
tweet-sno-1221	Q0	vclaim-sno-cuomo-vaccine-bad-news-trump	1	41.141374264742296	SimBa
tweet-sno-1221	Q0	vclaim-sno-amazon-vaccine-distribution	1	39.79150616039374	SimBa
tweet-sno-1221	Q0	vclaim-sno-californian-die-covid-19-vaccine	1	39.694616049838736	SimBa
tweet-sno-1222	Q0	vclaim-sno-trump-jr-impeached-deplorable	1	63.25892830907992	SimBa
tweet-sno-1222	Q0	vclaim-sno-trump-impeachment-dow-jones	1	44.938396039227165	SimBa
tweet-sno-1222	Q0	vclaim-sno-trump-impeachment-votes	1	44.555224001362795	SimBa
tweet-sno-1222	Q0	vclaim-sno-clinton-trump-deplorables-america	1	43.97533684101172	SimBa
tweet-sno-1222	Q0	vclaim-sno-trump-impeach-market-crash	1	43.38528817422537	SimBa
tweet-sno-1223	Q0	vclaim-sno-armie-hammer-cannibal-lifestyle	1	47.54502484645157	SimBa
tweet-sno-1223	Q0	vclaim-sno-covid19-vaccination-cannibalism	1	38.893573423646394	SimBa
tweet-sno-1223	Q0	vclaim-sno-flesh-potted	1	38.423109837580924	SimBa
tweet-sno-1223	Q0	vclaim-sno-marrow-escape	1	37.37239068710976	SimBa
tweet-sno-1223	Q0	vclaim-sno-boyfriend-corpses-medical-condition	1	37.2397044370659	SimBa
tweet-sno-1224	Q0	vclaim-sno-indian-flag-capitol-riots	1	45.95418362927855	SimBa
tweet-sno-1224	Q0	vclaim-sno-farmers-protest-india-flag	1	43.254305002875896	SimBa
tweet-sno-1224	Q0	vclaim-sno-capitol-police-selfie	1	41.87385094517937	SimBa
tweet-sno-1224	Q0	vclaim-sno-jay-johnston-capitol-riots	1	41.5915053476862	SimBa
tweet-sno-1224	Q0	vclaim-sno-kevin-seefried-democrat-biden	1	40.95046320476428	SimBa
tweet-sno-1225	Q0	vclaim-sno-syringe-cakes	1	52.154540685907975	SimBa
tweet-sno-1225	Q0	vclaim-sno-pilot-trace-syringe-sky	1	41.655107765315115	SimBa
tweet-sno-1225	Q0	vclaim-sno-turkish-snack-bar-paralysis-tablet	1	38.15086703477779	SimBa
tweet-sno-1225	Q0	vclaim-sno-germanely-chocolate-cake	1	37.56194510979436	SimBa
tweet-sno-1225	Q0	vclaim-sno-mcdonalds-birthday-cakes	1	37.2221172919493	SimBa
tweet-sno-1226	Q0	vclaim-sno-trump-carved-manatees-back	1	52.272791679590696	SimBa
tweet-sno-1226	Q0	vclaim-sno-trump-whales-sea-turtles	1	41.64145596092254	SimBa
tweet-sno-1226	Q0	vclaim-sno-dermophis-donaldtrumpi-amphibian-trump	1	40.491424520553736	SimBa
tweet-sno-1226	Q0	vclaim-sno-patriot-picnic-at-chicano-park	1	39.872989526878094	SimBa
tweet-sno-1226	Q0	vclaim-sno-is-penis-looking-fish-real	1	39.80955200560892	SimBa
tweet-sno-1227	Q0	vclaim-sno-mary-miller-hitler	1	49.272451121502385	SimBa
tweet-sno-1227	Q0	vclaim-sno-trump-hitler-heritage-tweet	1	40.48591487921279	SimBa
tweet-sno-1227	Q0	vclaim-sno-the-squad-dresses	1	39.508968842676374	SimBa
tweet-sno-1227	Q0	vclaim-sno-did-georgia-lawmaker-nazis-d-day	1	39.274247510734384	SimBa
tweet-sno-1227	Q0	vclaim-sno-trumps-rnc-speech-plagiarized-hitler	1	38.89924264010273	SimBa
tweet-sno-1228	Q0	vclaim-sno-mary-miller-hitler	1	51.28706520776818	SimBa
tweet-sno-1228	Q0	vclaim-sno-liselotte-hubner-donald-trump	1	41.78617397523686	SimBa
tweet-sno-1228	Q0	vclaim-sno-hitler-control-quote	1	41.37851831654262	SimBa
tweet-sno-1228	Q0	vclaim-sno-to-conquer-a-nation	1	41.3678720595926	SimBa
tweet-sno-1228	Q0	vclaim-sno-trump-hitler-heritage-tweet	1	40.572622450296166	SimBa
tweet-sno-1229	Q0	vclaim-sno-capitol-riot-no-fly-list	1	51.59575126704175	SimBa
tweet-sno-1229	Q0	vclaim-sno-reconnaissance-tours	1	44.184081499412045	SimBa
tweet-sno-1229	Q0	vclaim-sno-american-airlines-trump-rioters-dc	1	43.698682367352	SimBa
tweet-sno-1229	Q0	vclaim-sno-trump-mob-capitol	1	42.939584817135234	SimBa
tweet-sno-1229	Q0	vclaim-sno-capitol-rioters-dating-apps	1	42.87246125909213	SimBa
tweet-sno-1230	Q0	vclaim-sno-capitol-riot-taser-death	1	50.570959931200136	SimBa
tweet-sno-1230	Q0	vclaim-sno-getting-the-hang-of-it	1	42.29893422795976	SimBa
tweet-sno-1230	Q0	vclaim-sno-russias-got-talent-accident	1	40.5805739595029	SimBa
tweet-sno-1230	Q0	vclaim-sno-iraqi-terrorist-grenades	1	40.069335163883764	SimBa
tweet-sno-1230	Q0	vclaim-sno-lottery-winner-dies-gold-plating	1	39.7693853468134	SimBa
tweet-sno-1231	Q0	vclaim-sno-new-york-covid-vaccine-preregister	1	46.764800947465346	SimBa
tweet-sno-1231	Q0	vclaim-sno-parcel-delivery-service	1	45.2571973942381	SimBa
tweet-sno-1231	Q0	vclaim-sno-cell-phone-numbers-given-telemarketers	1	43.482048347404195	SimBa
tweet-sno-1231	Q0	vclaim-sno-809-area-code-scam	1	42.852007596292054	SimBa
tweet-sno-1231	Q0	vclaim-sno-new-medicare-card-scam	1	42.73099579780217	SimBa
tweet-sno-1232	Q0	vclaim-sno-warnock-arrested-capitol-praying	1	54.15352317377863	SimBa
tweet-sno-1232	Q0	vclaim-sno-capitol-police-selfie	1	45.11811122044934	SimBa
tweet-sno-1232	Q0	vclaim-sno-jay-johnston-capitol-riots	1	44.72385903524827	SimBa
tweet-sno-1232	Q0	vclaim-sno-police-hold-hand-trump-riot	1	44.328460325936874	SimBa
tweet-sno-1232	Q0	vclaim-sno-capitol-riot-podium	1	44.194796051433066	SimBa
tweet-sno-1233	Q0	vclaim-sno-tomi-lahren-biden-supporters-loot	1	57.59354330333352	SimBa
tweet-sno-1233	Q0	vclaim-sno-trump-tell-supporters-storm	1	44.174565422632774	SimBa
tweet-sno-1233	Q0	vclaim-sno-harlan-hill-eat-shoe-biden-won	1	43.26099463749096	SimBa
tweet-sno-1233	Q0	vclaim-sno-biden-promise-fewer-fires-floods	1	43.088909109048714	SimBa
tweet-sno-1233	Q0	vclaim-sno-truckers-strike-thanksgiving	1	42.91971796259866	SimBa
tweet-sno-1234	Q0	vclaim-sno-two-women-save-electoral-votes	1	46.0457671299218	SimBa
tweet-sno-1234	Q0	vclaim-sno-pence-escorted	1	43.263578808026416	SimBa
tweet-sno-1234	Q0	vclaim-sno-80-trump-ballots-burned	1	42.44088476176669	SimBa
tweet-sno-1234	Q0	vclaim-sno-ballots-georgia-senate	1	41.447892680976224	SimBa
tweet-sno-1234	Q0	vclaim-sno-cornyn-votes-puerto-rico	1	40.950203307615176	SimBa
tweet-sno-1235	Q0	vclaim-sno-two-women-save-electoral-votes	1	50.36465714846842	SimBa
tweet-sno-1235	Q0	vclaim-sno-all-female-senate-snowstorm	1	40.75226214703111	SimBa
tweet-sno-1235	Q0	vclaim-sno-violence-against-women-act-vote	1	38.61998544792647	SimBa
tweet-sno-1235	Q0	vclaim-sno-u-s-senate-candidate-missouri-womans-rights	1	38.60360636141685	SimBa
tweet-sno-1235	Q0	vclaim-sno-kamala-harris-pearls-election-day	1	38.015935576754245	SimBa
tweet-sno-1236	Q0	vclaim-sno-trump-riot-camp-auschwitz-shirt	1	46.2748205138841	SimBa
tweet-sno-1236	Q0	vclaim-sno-i-of-newt	1	41.371721078178325	SimBa
tweet-sno-1236	Q0	vclaim-sno-the-squad-dresses	1	40.61236083438237	SimBa
tweet-sno-1236	Q0	vclaim-sno-amazon-auschwitz-decorations	1	40.240896337026484	SimBa
tweet-sno-1236	Q0	vclaim-sno-trump-armbands	1	40.02187635913878	SimBa
tweet-sno-1237	Q0	vclaim-sno-rosanne-boyland-trampled-flag	1	47.15750196807322	SimBa
tweet-sno-1237	Q0	vclaim-sno-aoc-capitol-attack	1	46.46609960015811	SimBa
tweet-sno-1237	Q0	vclaim-sno-mary-miller-hitler	1	45.2851062779096	SimBa
tweet-sno-1237	Q0	vclaim-sno-greta-thunberg-capitol-rioter	1	43.96122596467783	SimBa
tweet-sno-1237	Q0	vclaim-sno-was-emma-gonzalez-attacking-truck	1	43.69430999673375	SimBa
tweet-sno-1238	Q0	vclaim-sno-elizabeth-knoxville-onion-towel	1	51.06336860253477	SimBa
tweet-sno-1238	Q0	vclaim-sno-simone-gold-capitol-riot	1	40.87291125349575	SimBa
tweet-sno-1238	Q0	vclaim-sno-jayapal-maskless-congress	1	38.94313543981121	SimBa
tweet-sno-1238	Q0	vclaim-sno-queen-trump-tiara	1	38.673009612082595	SimBa
tweet-sno-1238	Q0	vclaim-sno-antifa-protestor-punch-m80	1	38.50054002365479	SimBa
tweet-sno-1239	Q0	vclaim-sno-giuliani-rally-speech	1	45.28224370196761	SimBa
tweet-sno-1239	Q0	vclaim-sno-ballots-georgia-senate	1	41.81747151537297	SimBa
tweet-sno-1239	Q0	vclaim-sno-george-soros-indicted-election-hacking	1	41.49578545913403	SimBa
tweet-sno-1239	Q0	vclaim-sno-my-cousin-vinny-giuliani	1	41.23744742473409	SimBa
tweet-sno-1239	Q0	vclaim-sno-qanon-shaman-jake-angeli-testify	1	40.63605720739092	SimBa
tweet-sno-1240	Q0	vclaim-sno-national-guard-trump-mob	1	64.20365499530034	SimBa
tweet-sno-1240	Q0	vclaim-sno-lincoln-memorial-defaced-protesters	1	54.79830418935008	SimBa
tweet-sno-1240	Q0	vclaim-sno-obama-black-lives-matter-memorial	1	50.76368727764457	SimBa
tweet-sno-1240	Q0	vclaim-sno-flag-protest-baltimore	1	49.06977246051555	SimBa
tweet-sno-1240	Q0	vclaim-sno-blacklivesmatter	1	48.357491951440934	SimBa
tweet-sno-1241	Q0	vclaim-sno-trump-threaten-federal-buildings	1	55.83946535698149	SimBa
tweet-sno-1241	Q0	vclaim-sno-law-charges-protesters-with-terrorism	1	44.623621359573164	SimBa
tweet-sno-1241	Q0	vclaim-sno-feds-unmarked-vans-portland	1	43.589382228219336	SimBa
tweet-sno-1241	Q0	vclaim-sno-oval-office-trashed-capitol-riot	1	43.05985021548426	SimBa
tweet-sno-1241	Q0	vclaim-sno-trump-pardoning-capitol-riot	1	42.98591013007518	SimBa
tweet-sno-1242	Q0	vclaim-sno-pence-trump-twitter-jan-6-riots	1	54.36320028608336	SimBa
tweet-sno-1242	Q0	vclaim-sno-onlyfans-trump-ban-capitol	1	44.26938065479972	SimBa
tweet-sno-1242	Q0	vclaim-sno-trump-twitter-john-barron-1946	1	44.146063059372	SimBa
tweet-sno-1242	Q0	vclaim-sno-trump-lose-followers-first-time	1	42.159813477662325	SimBa
tweet-sno-1242	Q0	vclaim-sno-nps-twitter-account-shut-down	1	41.58650239364059	SimBa
tweet-sno-1243	Q0	vclaim-sno-confederate-flag-capitol-dc	1	51.998663898810804	SimBa
tweet-sno-1243	Q0	vclaim-sno-kevin-seefried-democrat-biden	1	48.53703498950612	SimBa
tweet-sno-1243	Q0	vclaim-sno-indian-flag-capitol-riots	1	46.66622091949364	SimBa
tweet-sno-1243	Q0	vclaim-sno-noose-hung-outside-capitol	1	45.75823944177529	SimBa
tweet-sno-1243	Q0	vclaim-sno-cross-erected-capitol-building	1	45.15845263158385	SimBa
tweet-sno-1244	Q0	vclaim-sno-confederate-flag-capitol-dc	1	44.584983287551694	SimBa
tweet-sno-1244	Q0	vclaim-sno-kevin-seefried-democrat-biden	1	44.23293595217773	SimBa
tweet-sno-1244	Q0	vclaim-sno-biden-russian-flag	1	43.47398551671949	SimBa
tweet-sno-1244	Q0	vclaim-sno-russian-flag-texas-capitol	1	43.286403238955465	SimBa
tweet-sno-1244	Q0	vclaim-sno-flag-flap-2	1	42.231204698669266	SimBa
tweet-sno-1245	Q0	vclaim-sno-confederate-flag-capitol-dc	1	53.47310943359837	SimBa
tweet-sno-1245	Q0	vclaim-sno-kevin-seefried-democrat-biden	1	50.416507283391624	SimBa
tweet-sno-1245	Q0	vclaim-sno-mike-pence-confederate-flag	1	47.87205423056826	SimBa
tweet-sno-1245	Q0	vclaim-sno-trump-tell-supporters-storm	1	45.39799950091253	SimBa
tweet-sno-1245	Q0	vclaim-sno-capitol-riot-podium	1	45.348140001440555	SimBa
tweet-sno-1246	Q0	vclaim-sno-cross-erected-capitol-building	1	53.673305723930305	SimBa
tweet-sno-1246	Q0	vclaim-sno-noose-hung-outside-capitol	1	43.77208652213075	SimBa
tweet-sno-1246	Q0	vclaim-sno-police-flashbang-smoke-capitol	1	43.19550168683713	SimBa
tweet-sno-1246	Q0	vclaim-sno-us-capitol-security-fence	1	42.438330188011186	SimBa
tweet-sno-1246	Q0	vclaim-sno-golden-trump-statue-cpac	1	39.42717523158929	SimBa
tweet-sno-1247	Q0	vclaim-sno-covid-5g-chip-diagram	1	45.009866319564985	SimBa
tweet-sno-1247	Q0	vclaim-sno-chip-off-the-old-salk	1	44.11820102386558	SimBa
tweet-sno-1247	Q0	vclaim-sno-covid-19-vaccine-vape	1	41.16294662270267	SimBa
tweet-sno-1247	Q0	vclaim-sno-cov-19-inscribed-on-5g-board	1	40.58893203408388	SimBa
tweet-sno-1247	Q0	vclaim-sno-covid19-vaccination-cannibalism	1	40.197249481438966	SimBa
tweet-sno-1248	Q0	vclaim-sno-snow-los-angeles	1	47.533881071657326	SimBa
tweet-sno-1248	Q0	vclaim-sno-snowfall-in-the-sahara	1	39.66426598164949	SimBa
tweet-sno-1248	Q0	vclaim-sno-sahara-desert-snowfall	1	38.91209463678952	SimBa
tweet-sno-1248	Q0	vclaim-sno-snowfall-in-saudi-arabia-desert	1	38.0859859821399	SimBa
tweet-sno-1248	Q0	vclaim-sno-super-moon	1	38.07551783299846	SimBa
tweet-sno-1249	Q0	vclaim-sno-snow-los-angeles	1	49.728610397982365	SimBa
tweet-sno-1249	Q0	vclaim-sno-record-snowfall-in-oswego	1	40.12481452383995	SimBa
tweet-sno-1249	Q0	vclaim-sno-devastating-snowfall-predicted-nw-montana-early-2018	1	39.742084361971266	SimBa
tweet-sno-1249	Q0	vclaim-sno-icicle-texas-storms	1	39.40939478119292	SimBa
tweet-sno-1249	Q0	vclaim-sno-snowfall-in-the-sahara	1	39.0637084978091	SimBa
tweet-sno-1250	Q0	vclaim-sno-pennsylvania-205000-votes	1	63.13658751684757	SimBa
tweet-sno-1250	Q0	vclaim-sno-trump-wins-pennsylvania	1	56.27053324285991	SimBa
tweet-sno-1250	Q0	vclaim-sno-20000-dead-voters-in-pennsylvania	1	53.77396298161724	SimBa
tweet-sno-1250	Q0	vclaim-sno-erie-pennsylvania-trump-ballots	1	52.270255810804485	SimBa
tweet-sno-1250	Q0	vclaim-sno-dead-person-voting-pennsylvania	1	51.000455858074695	SimBa
tweet-sno-1251	Q0	vclaim-sno-georgia-signature-audit	1	51.50501691094814	SimBa
tweet-sno-1251	Q0	vclaim-sno-floyd-county-georgia-votes	1	50.606557697053994	SimBa
tweet-sno-1251	Q0	vclaim-sno-ga-senator-counting-pa	1	48.38422615250221	SimBa
tweet-sno-1251	Q0	vclaim-sno-georgia-dekalb-reject-mail-ballots	1	48.336417040552384	SimBa
tweet-sno-1251	Q0	vclaim-sno-pennsylvania-205000-votes	1	46.721854159822485	SimBa
tweet-sno-1252	Q0	vclaim-sno-covid-result-holiday-gatherings	1	49.521608659010454	SimBa
tweet-sno-1252	Q0	vclaim-sno-ticketmaster-negative-covid-test	1	47.24090837889783	SimBa
tweet-sno-1252	Q0	vclaim-sno-asymptomatic-covid-patients	1	45.18708893914568	SimBa
tweet-sno-1252	Q0	vclaim-sno-covid-vax-false-hiv	1	45.10746908134349	SimBa
tweet-sno-1252	Q0	vclaim-sno-trump-tested-very-positively	1	44.71879851499279	SimBa
tweet-sno-1253	Q0	vclaim-sno-scott-walker-pizza	1	44.20508347252497	SimBa
tweet-sno-1253	Q0	vclaim-sno-elon-musk-buca-di-beppo	1	39.95394070626175	SimBa
tweet-sno-1253	Q0	vclaim-sno-take-team-kavanaugh	1	38.31178423232819	SimBa
tweet-sno-1253	Q0	vclaim-sno-heil-walker	1	38.194055506025734	SimBa
tweet-sno-1253	Q0	vclaim-sno-dominos-pizza-saves-life	1	37.93170935871605	SimBa
tweet-sno-1254	Q0	vclaim-sno-swimming-pool-wonderful-life	1	46.401392770249274	SimBa
tweet-sno-1254	Q0	vclaim-sno-room-service	1	42.039887982762934	SimBa
tweet-sno-1254	Q0	vclaim-sno-student-suspended-pretending-transgender-locker-room	1	37.74382626651043	SimBa
tweet-sno-1254	Q0	vclaim-sno-world39s-largest-swimming-pool	1	37.28739861834789	SimBa
tweet-sno-1254	Q0	vclaim-sno-girls-shower-with-boys-ruling	1	37.264971571477375	SimBa
tweet-sno-1255	Q0	vclaim-sno-swimming-pool-wonderful-life	1	53.37758107453868	SimBa
tweet-sno-1255	Q0	vclaim-sno-world39s-largest-swimming-pool	1	39.00840090704469	SimBa
tweet-sno-1255	Q0	vclaim-sno-bowl-o-bama	1	36.703720803942694	SimBa
tweet-sno-1255	Q0	vclaim-sno-catchfish	1	35.05569725681731	SimBa
tweet-sno-1255	Q0	vclaim-sno-controversial-beverly-hillbillies	1	34.263568403158345	SimBa
tweet-sno-1256	Q0	vclaim-sno-kfc-gaming-console	1	48.19300297779714	SimBa
tweet-sno-1256	Q0	vclaim-sno-mcdonalds-covid-sign	1	37.95726720270801	SimBa
tweet-sno-1256	Q0	vclaim-sno-zombie-chicken-video	1	37.75689116739228	SimBa
tweet-sno-1256	Q0	vclaim-sno-allstate-island-real	1	37.302964483017874	SimBa
tweet-sno-1256	Q0	vclaim-sno-chick-fil-a-tiktok-nuggets-recipe	1	37.25191194885756	SimBa
tweet-sno-1257	Q0	vclaim-sno-graham-buttigieg-repent	1	57.015736486260124	SimBa
tweet-sno-1257	Q0	vclaim-sno-billy-graham-say-homosexuals-castrated	1	43.49392862803438	SimBa
tweet-sno-1257	Q0	vclaim-sno-tim-kaine-ban-catholic-church	1	42.97271268605464	SimBa
tweet-sno-1257	Q0	vclaim-sno-pat-robertson-orlando-shooting	1	42.15598574580566	SimBa
tweet-sno-1257	Q0	vclaim-sno-right-said-fred	1	42.00409904351596	SimBa
tweet-sno-1258	Q0	vclaim-sno-tom-brady-ppp	1	47.81253953360469	SimBa
tweet-sno-1258	Q0	vclaim-sno-osteen-coronavirus-loan	1	43.142014223422	SimBa
tweet-sno-1258	Q0	vclaim-sno-joel-osteen-flood-tithing	1	39.22925861271276	SimBa
tweet-sno-1258	Q0	vclaim-sno-trump-michelle-obama-11-billion	1	37.325536565416414	SimBa
tweet-sno-1258	Q0	vclaim-sno-steven-furtick-signs-six-year-110-million-contract-lakewood-church	1	37.2805263763418	SimBa
tweet-sno-1259	Q0	vclaim-sno-vatican-nativity	1	47.32177938541592	SimBa
tweet-sno-1259	Q0	vclaim-sno-nativity-seen	1	37.739122273242145	SimBa
tweet-sno-1259	Q0	vclaim-sno-belgian-town-removes-nativity-scene-appease-four-muslim-residents	1	37.17177295893212	SimBa
tweet-sno-1259	Q0	vclaim-sno-facebook-santa-jesus-image	1	35.973821529792644	SimBa
tweet-sno-1259	Q0	vclaim-sno-no-nativity-scenes-white-house	1	35.89070826589858	SimBa
tweet-sno-1260	Q0	vclaim-sno-cyberpunk-2077-refunds	1	58.56325200814486	SimBa
tweet-sno-1260	Q0	vclaim-sno-all-work-and-no-playstation	1	37.034791860678716	SimBa
tweet-sno-1260	Q0	vclaim-sno-directv-nfl-refunds	1	36.581570918707634	SimBa
tweet-sno-1260	Q0	vclaim-sno-return-to-spender	1	35.60504965311859	SimBa
tweet-sno-1260	Q0	vclaim-sno-did-ups-lose-familys-inheritance	1	35.528751529422195	SimBa
tweet-sno-1261	Q0	vclaim-sno-cyberpunk-2077-refunds	1	63.91372802795099	SimBa
tweet-sno-1261	Q0	vclaim-sno-xbox-playstation-ps5-congrats	1	38.46513976632086	SimBa
tweet-sno-1261	Q0	vclaim-sno-directv-nfl-refunds	1	38.31964716426569	SimBa
tweet-sno-1261	Q0	vclaim-sno-costco-policy-change	1	35.98046660547555	SimBa
tweet-sno-1261	Q0	vclaim-sno-many-unhappy-returns	1	35.708735181055246	SimBa
tweet-sno-1262	Q0	vclaim-sno-extraterrestrial-material-asteroid	1	41.10056326909649	SimBa
tweet-sno-1262	Q0	vclaim-sno-li-meng-yan-covid-19-lab	1	35.179062857954065	SimBa
tweet-sno-1262	Q0	vclaim-sno-margaret-keenan-covid-vaccine	1	34.884459748648446	SimBa
tweet-sno-1262	Q0	vclaim-sno-water-sculpture-japan	1	34.48755044350319	SimBa
tweet-sno-1262	Q0	vclaim-sno-human-sacrifice-captured-at-cern	1	33.75273456030605	SimBa
tweet-sno-1263	Q0	vclaim-sno-supreme-court-erupt-shouting-match	1	51.69151313265367	SimBa
tweet-sno-1263	Q0	vclaim-sno-supreme-court-justices-stand	1	43.10501392646379	SimBa
tweet-sno-1263	Q0	vclaim-sno-john-kasich-said-we-cant-entrust-abortion-decision-to-women	1	41.51010168484748	SimBa
tweet-sno-1263	Q0	vclaim-sno-teamkraken-georgia-injunction	1	41.5062722429236	SimBa
tweet-sno-1263	Q0	vclaim-sno-scalia-death-penalty-quote	1	41.41829212546485	SimBa
tweet-sno-1264	Q0	vclaim-sno-schitts-creek-motel-seattle	1	46.69011954861472	SimBa
tweet-sno-1264	Q0	vclaim-sno-houses-in-unusual-places	1	34.977759233515755	SimBa
tweet-sno-1264	Q0	vclaim-sno-skeleton-strippers-halloween	1	34.541924483860754	SimBa
tweet-sno-1264	Q0	vclaim-sno-trump-tower-chicago-no	1	33.993219891988836	SimBa
tweet-sno-1264	Q0	vclaim-sno-redneck-mansion	1	33.78728905969874	SimBa
tweet-sno-1265	Q0	vclaim-sno-schitts-creek-motel-seattle	1	58.335400608815846	SimBa
tweet-sno-1265	Q0	vclaim-sno-rose-garden-hedges-kkk	1	38.459788452409214	SimBa
tweet-sno-1265	Q0	vclaim-sno-trump-sign-hollywood-los-angeles	1	36.52428833361965	SimBa
tweet-sno-1265	Q0	vclaim-sno-melania-trump-destroy-rose-garden	1	36.45850141098713	SimBa
tweet-sno-1265	Q0	vclaim-sno-home-depot-trump-border-wall	1	35.931726896995535	SimBa
tweet-sno-1266	Q0	vclaim-sno-popular-vote-totals-rigged	1	55.32695205260531	SimBa
tweet-sno-1266	Q0	vclaim-sno-trump-biden-vote-dumps	1	47.062304423927614	SimBa
tweet-sno-1266	Q0	vclaim-sno-everylegalvote-2020-election	1	46.802764592456796	SimBa
tweet-sno-1266	Q0	vclaim-sno-simple-math-on-biden-votes	1	45.09215544471982	SimBa
tweet-sno-1266	Q0	vclaim-sno-trump-clinton-counties-won	1	44.93371625321968	SimBa
tweet-sno-1267	Q0	vclaim-sno-the-north-face-refuse-jackets	1	56.00069093266947	SimBa
tweet-sno-1267	Q0	vclaim-sno-north-dakota-pipeline-protest	1	40.005267293979145	SimBa
tweet-sno-1267	Q0	vclaim-sno-big-oil	1	39.34252267141487	SimBa
tweet-sno-1267	Q0	vclaim-sno-ace-hardware-stands-against-standing-rock	1	39.21122128113936	SimBa
tweet-sno-1267	Q0	vclaim-sno-hurricane-gas-bumper-sticker	1	38.57427733688657	SimBa
tweet-sno-1268	Q0	vclaim-sno-alex-jones-biden-removed	1	59.27043387107859	SimBa
tweet-sno-1268	Q0	vclaim-sno-fake-aoc-purge-tweet	1	48.57353535715611	SimBa
tweet-sno-1268	Q0	vclaim-sno-biden-trump-xenophobic	1	46.5351161961588	SimBa
tweet-sno-1268	Q0	vclaim-sno-biden-fail-condemn-antifa	1	46.08752248162074	SimBa
tweet-sno-1268	Q0	vclaim-sno-militia-bidens-inauguration	1	45.93866199223743	SimBa
tweet-sno-1269	Q0	vclaim-sno-allstate-island-real	1	58.83503981921665	SimBa
tweet-sno-1269	Q0	vclaim-sno-dog-island	1	40.62469871602249	SimBa
tweet-sno-1269	Q0	vclaim-sno-donald-j-trump-state-park	1	39.08070203902095	SimBa
tweet-sno-1269	Q0	vclaim-sno-insane-cliff-house	1	38.65071254204723	SimBa
tweet-sno-1269	Q0	vclaim-sno-chris-wallace-island	1	38.41640024544265	SimBa
tweet-sno-1270	Q0	vclaim-sno-allstate-island-real	1	54.97816637903695	SimBa
tweet-sno-1270	Q0	vclaim-sno-purple-lobster-caught-in-maine	1	37.0743704719087	SimBa
tweet-sno-1270	Q0	vclaim-sno-donald-j-trump-state-park	1	36.81715569956622	SimBa
tweet-sno-1270	Q0	vclaim-sno-violin-island-in-costa-rica	1	36.26711805349168	SimBa
tweet-sno-1270	Q0	vclaim-sno-chris-wallace-island	1	35.89210578285704	SimBa
tweet-sno-1271	Q0	vclaim-sno-federal-holiday-christmas-eve	1	69.28724463954754	SimBa
tweet-sno-1271	Q0	vclaim-sno-playing-christmas-music-federal-crime	1	47.583384198350956	SimBa
tweet-sno-1271	Q0	vclaim-sno-war-on-christmas-monument	1	45.68934283755195	SimBa
tweet-sno-1271	Q0	vclaim-sno-melania-trump-last-christmas	1	44.680731606879775	SimBa
tweet-sno-1271	Q0	vclaim-sno-muslims-declare-december-24th-islamic-holiday	1	44.3378636538389	SimBa
tweet-sno-1272	Q0	vclaim-sno-disney-sister-act-3	1	61.57762168156038	SimBa
tweet-sno-1272	Q0	vclaim-sno-disney-live-action-hercules	1	40.742462915180084	SimBa
tweet-sno-1272	Q0	vclaim-sno-disneys-princes	1	40.08665738817824	SimBa
tweet-sno-1272	Q0	vclaim-sno-disney-pixar-boo	1	39.39323499630178	SimBa
tweet-sno-1272	Q0	vclaim-sno-when-is-hocus-pocus-2-coming-out	1	38.646732580054085	SimBa
tweet-sno-1273	Q0	vclaim-sno-when-is-hocus-pocus-2-coming-out	1	63.63263841081519	SimBa
tweet-sno-1273	Q0	vclaim-sno-hocus-pocus-2	1	54.16770180139054	SimBa
tweet-sno-1273	Q0	vclaim-sno-disney-pixar-boo	1	48.07420518862984	SimBa
tweet-sno-1273	Q0	vclaim-sno-disney-live-action-hercules	1	45.33227776519284	SimBa
tweet-sno-1273	Q0	vclaim-sno-beetlejuice-2-coming-soon	1	44.188922817206155	SimBa
tweet-sno-1274	Q0	vclaim-sno-chick-fil-a-long-lines-lawsuit	1	48.81748596661165	SimBa
tweet-sno-1274	Q0	vclaim-sno-georgia-lawmaker-go-back-claim	1	41.321680070692615	SimBa
tweet-sno-1274	Q0	vclaim-sno-chick-fil-a-sunday-tradition	1	40.28873594823858	SimBa
tweet-sno-1274	Q0	vclaim-sno-stop-trying-to-make-fleek-happen	1	40.19912617147405	SimBa
tweet-sno-1274	Q0	vclaim-sno-chick-fil-a-food-stranded-storm	1	39.48358960124638	SimBa
tweet-sno-1275	Q0	vclaim-sno-costco-rotisserie-chicken-cheap	1	75.45568844617198	SimBa
tweet-sno-1275	Q0	vclaim-sno-costco-policy-change	1	41.035104716407204	SimBa
tweet-sno-1275	Q0	vclaim-sno-costco-lying-about-cage-free-eggs	1	38.89109870262108	SimBa
tweet-sno-1275	Q0	vclaim-sno-costco-closing-stores	1	38.8838752238619	SimBa
tweet-sno-1275	Q0	vclaim-sno-boston-market-coupon	1	38.45809917428964	SimBa
tweet-sno-1276	Q0	vclaim-sno-ia-fl-oh-election-loss	1	62.30097650423465	SimBa
tweet-sno-1276	Q0	vclaim-sno-won-both-ohio-florida-lost	1	57.704912933197846	SimBa
tweet-sno-1276	Q0	vclaim-sno-trump-biden-vote-dumps	1	48.17371279755691	SimBa
tweet-sno-1276	Q0	vclaim-sno-trump-wins-pennsylvania	1	48.109684496485585	SimBa
tweet-sno-1276	Q0	vclaim-sno-trump-clinton-counties-won	1	47.18431117703237	SimBa
tweet-sno-1277	Q0	vclaim-sno-apartment-radiator-pandemic-spread	1	58.107751228641206	SimBa
tweet-sno-1277	Q0	vclaim-sno-fauci-blame-flu-deaths-1918	1	43.79556838608179	SimBa
tweet-sno-1277	Q0	vclaim-sno-cat-spanish-flu-mask	1	43.40912408116107	SimBa
tweet-sno-1277	Q0	vclaim-sno-ventilators-warehouse-new-york	1	42.294955287599	SimBa
tweet-sno-1277	Q0	vclaim-sno-women-wearing-flu-masks-1918	1	42.16884099555035	SimBa
tweet-sno-1278	Q0	vclaim-sno-mcdonalds-breakfast-frozen-eggs	1	47.64163460506971	SimBa
tweet-sno-1278	Q0	vclaim-sno-mcdonalds-mitten-cups	1	40.16643474822013	SimBa
tweet-sno-1278	Q0	vclaim-sno-mcdonalds-breakfast-exposed	1	39.86205905963001	SimBa
tweet-sno-1278	Q0	vclaim-sno-fact-check-mcdonalds-creates-nutella-burger	1	39.51562557506572	SimBa
tweet-sno-1278	Q0	vclaim-sno-long-live-timbits	1	38.97316487794667	SimBa
tweet-sno-1279	Q0	vclaim-sno-gohmert-tooth-fall-out	1	59.2055833151027	SimBa
tweet-sno-1279	Q0	vclaim-sno-biden-dogs-trump-chew-toy	1	37.73623244067427	SimBa
tweet-sno-1279	Q0	vclaim-sno-trey-gowdy-nancy-pelosi	1	37.67583613055877	SimBa
tweet-sno-1279	Q0	vclaim-sno-cornyn-votes-puerto-rico	1	37.63299385111995	SimBa
tweet-sno-1279	Q0	vclaim-sno-swept-under-the-tiger-rug	1	37.2280148537909	SimBa
tweet-sno-1280	Q0	vclaim-sno-biden-harris-disease-disagreed	1	74.5771847396666	SimBa
tweet-sno-1280	Q0	vclaim-sno-harris-biden-blog-post	1	51.135182285053524	SimBa
tweet-sno-1280	Q0	vclaim-sno-kamala-harris-call-biden-racist	1	47.44758469507342	SimBa
tweet-sno-1280	Q0	vclaim-sno-harris-believe-biden-accusers	1	46.442324249607275	SimBa
tweet-sno-1280	Q0	vclaim-sno-joe-biden-beat-biden	1	45.54656321785177	SimBa
tweet-sno-1281	Q0	vclaim-sno-indiana-jones-saxophone	1	46.46878544221558	SimBa
tweet-sno-1281	Q0	vclaim-sno-jim-carrey-death-hoax-2016	1	37.491009180900775	SimBa
tweet-sno-1281	Q0	vclaim-sno-man-finds-weird-cave	1	35.300093528662565	SimBa
tweet-sno-1281	Q0	vclaim-sno-alan-rickman-potter-meme	1	35.05838794992282	SimBa
tweet-sno-1281	Q0	vclaim-sno-delayed-grantification	1	34.42033761482894	SimBa
tweet-sno-1282	Q0	vclaim-sno-indiana-jones-saxophone	1	55.37544669376226	SimBa
tweet-sno-1282	Q0	vclaim-sno-eric-clapton-quote-about-prince	1	37.95132667619577	SimBa
tweet-sno-1282	Q0	vclaim-sno-joshua-bell-company	1	36.193945246536195	SimBa
tweet-sno-1282	Q0	vclaim-sno-police-saxophone-machine-gun	1	35.98397054461289	SimBa
tweet-sno-1282	Q0	vclaim-sno-trump-mouth-musical-instrument	1	34.55737551297219	SimBa
tweet-sno-1283	Q0	vclaim-sno-indiana-jones-saxophone	1	54.14753560031743	SimBa
tweet-sno-1283	Q0	vclaim-sno-george-floyd-challenge	1	34.28724234676095	SimBa
tweet-sno-1283	Q0	vclaim-sno-trump-mouth-musical-instrument	1	33.92185063959899	SimBa
tweet-sno-1283	Q0	vclaim-sno-joshua-bell-company	1	33.637924114679116	SimBa
tweet-sno-1283	Q0	vclaim-sno-white-bic-lighter-deaths	1	33.63515384551543	SimBa
tweet-sno-1284	Q0	vclaim-sno-indiana-jones-saxophone	1	46.811466023387965	SimBa
tweet-sno-1284	Q0	vclaim-sno-harrison-ford-trump-han-solo	1	42.912408407548796	SimBa
tweet-sno-1284	Q0	vclaim-sno-harrison-ford-holding-a-trump-sign	1	40.2361517944428	SimBa
tweet-sno-1284	Q0	vclaim-sno-lennon-guitar-spock-elvis	1	38.280725764576616	SimBa
tweet-sno-1284	Q0	vclaim-sno-justin-bieber-han-solo	1	37.93119887200281	SimBa
tweet-sno-1285	Q0	vclaim-sno-florida-rebekah-jones-raid	1	51.17441561739588	SimBa
tweet-sno-1285	Q0	vclaim-sno-fbi-wasserman-schultz-home	1	40.01210935703168	SimBa
tweet-sno-1285	Q0	vclaim-sno-tennessee-rep-meth-lab	1	39.49404241669208	SimBa
tweet-sno-1285	Q0	vclaim-sno-snopes-staff-members-arrested-law-enforcement-raid	1	38.56529486729287	SimBa
tweet-sno-1285	Q0	vclaim-sno-james-comey-taken-from-home	1	38.178276798470556	SimBa
tweet-sno-1286	Q0	vclaim-sno-nasa-sally-ride-100-tampons	1	61.61803557838845	SimBa
tweet-sno-1286	Q0	vclaim-sno-spacesuit-envy	1	42.47922052726808	SimBa
tweet-sno-1286	Q0	vclaim-sno-nasa-hillary-clinton-astronaut	1	40.868134784319395	SimBa
tweet-sno-1286	Q0	vclaim-sno-vodka-tampons	1	40.607561721913775	SimBa
tweet-sno-1286	Q0	vclaim-sno-recalled-tampons-zombie-ants	1	40.1416945416008	SimBa
tweet-sno-1287	Q0	vclaim-sno-my-pleasure-chick-fil-a	1	54.2299207053596	SimBa
tweet-sno-1287	Q0	vclaim-sno-starbucks-giveaway-blm	1	41.27927417739532	SimBa
tweet-sno-1287	Q0	vclaim-sno-does-restaurant-tattoo-guarantee-food	1	40.79549788144837	SimBa
tweet-sno-1287	Q0	vclaim-sno-caleb-lee-pizza-hut	1	40.710657942033365	SimBa
tweet-sno-1287	Q0	vclaim-sno-chick-fil-a-promotions	1	40.46228630313734	SimBa
tweet-sno-1288	Q0	vclaim-sno-my-pleasure-chick-fil-a	1	59.15574650378236	SimBa
tweet-sno-1288	Q0	vclaim-sno-chick-fil-a-mothers-day	1	45.52946271197764	SimBa
tweet-sno-1288	Q0	vclaim-sno-chick-fil-a-promotions	1	45.49488214337668	SimBa
tweet-sno-1288	Q0	vclaim-sno-chick-fil-a-meal-promo	1	45.325765866364975	SimBa
tweet-sno-1288	Q0	vclaim-sno-free-cone-day	1	45.206046907969416	SimBa
tweet-sno-1289	Q0	vclaim-sno-my-pleasure-chick-fil-a	1	55.80304503672872	SimBa
tweet-sno-1289	Q0	vclaim-sno-free-cone-day	1	45.01660122119901	SimBa
tweet-sno-1289	Q0	vclaim-sno-chick-fil-a-promotions	1	44.54588120779803	SimBa
tweet-sno-1289	Q0	vclaim-sno-chick-fil-a-coupon-scam	1	43.06755415323133	SimBa
tweet-sno-1289	Q0	vclaim-sno-chick-fil-a-mothers-day	1	42.229298005185186	SimBa
tweet-sno-1290	Q0	vclaim-sno-my-pleasure-chick-fil-a	1	57.825835881288896	SimBa
tweet-sno-1290	Q0	vclaim-sno-chick-fil-a-promotions	1	44.90489576772352	SimBa
tweet-sno-1290	Q0	vclaim-sno-chick-fil-a-coupon-scam	1	44.64301803950728	SimBa
tweet-sno-1290	Q0	vclaim-sno-chick-fil-a-mothers-day	1	43.787519381717836	SimBa
tweet-sno-1290	Q0	vclaim-sno-does-restaurant-tattoo-guarantee-food	1	42.8552061734745	SimBa
tweet-sno-1291	Q0	vclaim-sno-biden-covid-vaccine	1	56.44639750076832	SimBa
tweet-sno-1291	Q0	vclaim-sno-biden-covid-vaccine-2	1	48.53837394757074	SimBa
tweet-sno-1291	Q0	vclaim-sno-trump-promise-vaccine-election-day	1	46.50844080188597	SimBa
tweet-sno-1291	Q0	vclaim-sno-cuomo-vaccine-bad-news-trump	1	46.0981066386553	SimBa
tweet-sno-1291	Q0	vclaim-sno-trump-beautiful-covid-19-vaccine	1	45.413069457583596	SimBa
tweet-sno-1292	Q0	vclaim-sno-matt-putz	1	57.791083485214955	SimBa
tweet-sno-1292	Q0	vclaim-sno-senators-busted-prostitution-ring	1	39.66866840920136	SimBa
tweet-sno-1292	Q0	vclaim-sno-chris-christie-vetoes-equal-pay	1	39.40928807542192	SimBa
tweet-sno-1292	Q0	vclaim-sno-andrew-cuomo-maskless-party	1	39.14742697604861	SimBa
tweet-sno-1292	Q0	vclaim-sno-leslie-gibson-emma-gonzalez	1	39.0745864459003	SimBa
tweet-sno-1293	Q0	vclaim-sno-christian-owned-airlines-change-wing-light-colors-to-celebrate-christmas	1	40.463886029091974	SimBa
tweet-sno-1293	Q0	vclaim-sno-chick-fil-a-food-stranded-storm	1	39.14948982042443	SimBa
tweet-sno-1293	Q0	vclaim-sno-hurricane-irma-hitting-miami-airport	1	37.223922236356465	SimBa
tweet-sno-1293	Q0	vclaim-sno-chick-fil-a-gift-basket	1	36.397092867333996	SimBa
tweet-sno-1293	Q0	vclaim-sno-aldi-free-food-homeless-christmas	1	36.36285880509192	SimBa
tweet-sno-1294	Q0	vclaim-sno-drake-scented-candles	1	53.19147829435619	SimBa
tweet-sno-1294	Q0	vclaim-sno-gwyneth-paltrow-vagina-candle	1	44.02530212494413	SimBa
tweet-sno-1294	Q0	vclaim-sno-kfc-really-create-chicken-scented-candle	1	40.05170108722169	SimBa
tweet-sno-1294	Q0	vclaim-sno-mcdonalds-quarter-pounder-candles	1	38.53712593729138	SimBa
tweet-sno-1294	Q0	vclaim-sno-taylor-swift-taobao	1	37.161355705872154	SimBa
tweet-sno-1295	Q0	vclaim-sno-flash-player-no-longer-supported	1	50.20863803727896	SimBa
tweet-sno-1295	Q0	vclaim-sno-is-minecraft-shutting-down	1	36.79265588812192	SimBa
tweet-sno-1295	Q0	vclaim-sno-ruby-tuesday-closing	1	35.27484293260223	SimBa
tweet-sno-1295	Q0	vclaim-sno-antarctica-covid-cases	1	34.40008471507744	SimBa
tweet-sno-1295	Q0	vclaim-sno-target-holiday-stores	1	33.67459982971059	SimBa
tweet-sno-1296	Q0	vclaim-sno-flash-player-no-longer-supported	1	51.49585890049107	SimBa
tweet-sno-1296	Q0	vclaim-sno-nasa-blackout-warning	1	38.34621381858646	SimBa
tweet-sno-1296	Q0	vclaim-sno-boob-youtube	1	38.32787596299741	SimBa
tweet-sno-1296	Q0	vclaim-sno-is-minecraft-shutting-down	1	36.210088278585175	SimBa
tweet-sno-1296	Q0	vclaim-sno-month-end-closeout	1	35.40358921494102	SimBa
tweet-sno-1297	Q0	vclaim-sno-flash-player-no-longer-supported	1	53.90398345051371	SimBa
tweet-sno-1297	Q0	vclaim-sno-boob-youtube	1	42.83367386796494	SimBa
tweet-sno-1297	Q0	vclaim-sno-facebook-ban-livestreamed-music	1	38.28832004926018	SimBa
tweet-sno-1297	Q0	vclaim-sno-netflix-friends	1	38.238742678415015	SimBa
tweet-sno-1297	Q0	vclaim-sno-youtube-ban-suspend-trump	1	37.910804047419546	SimBa
tweet-sno-1298	Q0	vclaim-sno-santa-covid-exemption-ireland	1	58.637959959381114	SimBa
tweet-sno-1298	Q0	vclaim-sno-california-holiday-rules	1	39.91993880310144	SimBa
tweet-sno-1298	Q0	vclaim-sno-covid-result-holiday-gatherings	1	38.465059754347386	SimBa
tweet-sno-1298	Q0	vclaim-sno-track-meet	1	38.18141426068045	SimBa
tweet-sno-1298	Q0	vclaim-sno-facebook-santa-jesus-image	1	38.07238188527913	SimBa
tweet-sno-1299	Q0	vclaim-sno-monolith-california	1	43.59636367073826	SimBa
tweet-sno-1299	Q0	vclaim-sno-monolith-found-utah	1	40.555446854903984	SimBa
tweet-sno-1299	Q0	vclaim-sno-elephant-mountain-real-place	1	38.5718812394848	SimBa
tweet-sno-1299	Q0	vclaim-sno-turtle-mountain-photo	1	37.912796416867856	SimBa
tweet-sno-1299	Q0	vclaim-sno-sleeping-lady-mountain	1	37.1856650277068	SimBa
tweet-sno-1300	Q0	vclaim-sno-king-louis-xiv-fetish-birth	1	55.087159913967966	SimBa
tweet-sno-1300	Q0	vclaim-sno-doctor-mourning-previously-infertile-mother	1	38.978098235928194	SimBa
tweet-sno-1300	Q0	vclaim-sno-centrifugal-birthing-apparatus	1	38.525157828287526	SimBa
tweet-sno-1300	Q0	vclaim-sno-pregnant-from-3d-film	1	38.196785369758274	SimBa
tweet-sno-1300	Q0	vclaim-sno-oklahoma-host-woman-humphrey	1	38.04106165860527	SimBa
tweet-sno-1301	Q0	vclaim-sno-loser-lawn-trump-golf-course	1	44.93117745995501	SimBa
tweet-sno-1301	Q0	vclaim-sno-golfing-trump-election-results	1	42.995467212402346	SimBa
tweet-sno-1301	Q0	vclaim-sno-trump-madame-tussauds-golf-election	1	41.49477334474126	SimBa
tweet-sno-1301	Q0	vclaim-sno-cornyn-votes-puerto-rico	1	40.16786202554978	SimBa
tweet-sno-1301	Q0	vclaim-sno-tim-tebow-tweet	1	39.63220494764122	SimBa
tweet-sno-1302	Q0	vclaim-sno-johns-hopkins-covid-deaths	1	60.530709306924706	SimBa
tweet-sno-1302	Q0	vclaim-sno-cdc-mortality-statistics	1	46.34304369373738	SimBa
tweet-sno-1302	Q0	vclaim-sno-typical-year-covid-deaths	1	45.09712381586655	SimBa
tweet-sno-1302	Q0	vclaim-sno-us-covid-deaths-vietnam-war	1	44.906186049805264	SimBa
tweet-sno-1302	Q0	vclaim-sno-cdc-covid-19-data	1	44.49550940612248	SimBa
tweet-sno-1303	Q0	vclaim-sno-leonardo-dicaprio-disney-channel	1	37.772352937655214	SimBa
tweet-sno-1303	Q0	vclaim-sno-transgender-teen-wrestling-title	1	36.097742864817	SimBa
tweet-sno-1303	Q0	vclaim-sno-teen-hector-cruz-contracts-herpes-condom-challenge	1	35.73909370492328	SimBa
tweet-sno-1303	Q0	vclaim-sno-playgirl-trump-contest	1	35.57089235513426	SimBa
tweet-sno-1303	Q0	vclaim-sno-72-hour-challenge	1	34.92154484868998	SimBa
tweet-sno-1304	Q0	vclaim-sno-leonardo-dicaprio-disney-channel	1	43.23387390841997	SimBa
tweet-sno-1304	Q0	vclaim-sno-playgirl-trump-contest	1	40.01209921459824	SimBa
tweet-sno-1304	Q0	vclaim-sno-katherine-web-kiss-cam	1	35.71968439197982	SimBa
tweet-sno-1304	Q0	vclaim-sno-back-to-the-future-predictions	1	35.35078484960423	SimBa
tweet-sno-1304	Q0	vclaim-sno-vanna-white-goodbye	1	35.02089970115298	SimBa
tweet-sno-1305	Q0	vclaim-sno-leonardo-dicaprio-disney-channel	1	37.67650399541207	SimBa
tweet-sno-1305	Q0	vclaim-sno-mike-tyson-time-traveler	1	33.94782382181879	SimBa
tweet-sno-1305	Q0	vclaim-sno-pepsis-got-a-lot-to-give	1	32.63964964445745	SimBa
tweet-sno-1305	Q0	vclaim-sno-red-haired-teen-sues-his-parents	1	32.47734652502767	SimBa
tweet-sno-1305	Q0	vclaim-sno-woman-struggles-to-open-can-of-spaghetti-os	1	32.31237753408337	SimBa
tweet-sno-1306	Q0	vclaim-sno-georgia-signature-audit	1	49.401380588667706	SimBa
tweet-sno-1306	Q0	vclaim-sno-georgia-black-voter-registration	1	45.54199663972106	SimBa
tweet-sno-1306	Q0	vclaim-sno-teamkraken-georgia-injunction	1	44.15418196639384	SimBa
tweet-sno-1306	Q0	vclaim-sno-georgia-dekalb-reject-mail-ballots	1	43.67609899083722	SimBa
tweet-sno-1306	Q0	vclaim-sno-floyd-county-georgia-votes	1	43.10278557986523	SimBa
tweet-sno-1307	Q0	vclaim-sno-trump-detroit-voters-2020	1	48.87514503639453	SimBa
tweet-sno-1307	Q0	vclaim-sno-more-votes-than-voters-in-detroit	1	47.191094307501466	SimBa
tweet-sno-1307	Q0	vclaim-sno-rumor-alert-biden-michigan-votes	1	45.6383140319097	SimBa
tweet-sno-1307	Q0	vclaim-sno-trump-biden-vote-dumps	1	45.29065213931705	SimBa
tweet-sno-1307	Q0	vclaim-sno-detroit-voter-roll-lawsuit	1	45.276103728356745	SimBa
tweet-sno-1308	Q0	vclaim-sno-trump-pardon-turkey-election	1	59.194945644557464	SimBa
tweet-sno-1308	Q0	vclaim-sno-trump-recount-battleground-states	1	43.6445263372871	SimBa
tweet-sno-1308	Q0	vclaim-sno-trump-biden-vote-dumps	1	42.37436096664954	SimBa
tweet-sno-1308	Q0	vclaim-sno-teamkraken-georgia-injunction	1	41.942191162409095	SimBa
tweet-sno-1308	Q0	vclaim-sno-trump-turkey-pardons-reversed	1	41.87641154479	SimBa
tweet-sno-1309	Q0	vclaim-sno-alaska-town-60-days-without-sun	1	48.78959247842682	SimBa
tweet-sno-1309	Q0	vclaim-sno-wolf-moon-january	1	40.449040211359005	SimBa
tweet-sno-1309	Q0	vclaim-sno-sun-lockdown	1	39.34246395606022	SimBa
tweet-sno-1309	Q0	vclaim-sno-nasa-blackout-warning	1	38.29855295717088	SimBa
tweet-sno-1309	Q0	vclaim-sno-trump-comet-meteor-shower-eclipse	1	37.3659788808241	SimBa
tweet-sno-1310	Q0	vclaim-sno-florida-air-force-robotic-dogs	1	54.874910751295324	SimBa
tweet-sno-1310	Q0	vclaim-sno-army-working-dogs-satire	1	43.336089006204176	SimBa
tweet-sno-1310	Q0	vclaim-sno-marine-corps-dog-adoptions	1	39.172705618404486	SimBa
tweet-sno-1310	Q0	vclaim-sno-biden-major-dog-rescue-white-house	1	38.76664508725863	SimBa
tweet-sno-1310	Q0	vclaim-sno-pokemon-go-dog-walking-program	1	38.238044698951754	SimBa
tweet-sno-1311	Q0	vclaim-sno-20000-dead-voters-in-pennsylvania	1	61.10324386631429	SimBa
tweet-sno-1311	Q0	vclaim-sno-trump-biden-vote-dumps	1	54.582146723188245	SimBa
tweet-sno-1311	Q0	vclaim-sno-wisconsin-vote-dump	1	54.48515371781814	SimBa
tweet-sno-1311	Q0	vclaim-sno-biden-fraud-ballots-count	1	54.10177328123753	SimBa
tweet-sno-1311	Q0	vclaim-sno-simple-math-on-biden-votes	1	52.87693734216899	SimBa
tweet-sno-1312	Q0	vclaim-sno-christmas-tree-owl	1	51.370940589773674	SimBa
tweet-sno-1312	Q0	vclaim-sno-snowy-owl-130-years	1	39.81691614756845	SimBa
tweet-sno-1312	Q0	vclaim-sno-owl-having-an-orgasm	1	38.55011130534999	SimBa
tweet-sno-1312	Q0	vclaim-sno-rainbow-owl	1	37.61522310124191	SimBa
tweet-sno-1312	Q0	vclaim-sno-stuffed-owlets	1	37.50311440728509	SimBa
tweet-sno-1313	Q0	vclaim-sno-wisconsin-vote-dump	1	58.56288674613471	SimBa
tweet-sno-1313	Q0	vclaim-sno-trump-biden-vote-dumps	1	54.423157554693695	SimBa
tweet-sno-1313	Q0	vclaim-sno-real-clear-politics-biden	1	49.11576219273678	SimBa
tweet-sno-1313	Q0	vclaim-sno-simple-math-on-biden-votes	1	48.984328610522084	SimBa
tweet-sno-1313	Q0	vclaim-sno-popular-vote-totals-rigged	1	48.53761677063525	SimBa
tweet-sno-1314	Q0	vclaim-sno-dominion-servers-germany-seized	1	53.46381873951026	SimBa
tweet-sno-1314	Q0	vclaim-sno-facebook-analytics-electoral-map-shows-trump-sweep	1	45.81373646806531	SimBa
tweet-sno-1314	Q0	vclaim-sno-trump-biden-vote-dumps	1	45.30706251197369	SimBa
tweet-sno-1314	Q0	vclaim-sno-popular-vote-totals-rigged	1	44.87932705676118	SimBa
tweet-sno-1314	Q0	vclaim-sno-trump-clinton-counties-won	1	44.20883253505835	SimBa
tweet-sno-1315	Q0	vclaim-sno-dominion-servers-germany-seized	1	52.15347469478037	SimBa
tweet-sno-1315	Q0	vclaim-sno-facebook-analytics-electoral-map-shows-trump-sweep	1	42.90112203931726	SimBa
tweet-sno-1315	Q0	vclaim-sno-was-parler-hacked	1	41.97470797341957	SimBa
tweet-sno-1315	Q0	vclaim-sno-wisconsin-vote-dump	1	40.52489991017819	SimBa
tweet-sno-1315	Q0	vclaim-sno-80-trump-ballots-burned	1	39.461887406500395	SimBa
tweet-sno-1316	Q0	vclaim-sno-cuomo-vaccine-bad-news-trump	1	60.89064177794852	SimBa
tweet-sno-1316	Q0	vclaim-sno-covid-vaccine-funded-by-trump	1	48.84521703330761	SimBa
tweet-sno-1316	Q0	vclaim-sno-did-pfizers-vp-blow-whistle-gardasil	1	47.82259733183215	SimBa
tweet-sno-1316	Q0	vclaim-sno-trump-criticize-governors-ebola	1	45.894153543894696	SimBa
tweet-sno-1316	Q0	vclaim-sno-trump-beautiful-covid-19-vaccine	1	45.01370490342214	SimBa
tweet-sno-1317	Q0	vclaim-sno-cornyn-votes-puerto-rico	1	68.457501905719	SimBa
tweet-sno-1317	Q0	vclaim-sno-floyd-county-georgia-votes	1	44.82458742810926	SimBa
tweet-sno-1317	Q0	vclaim-sno-uncounted-california-ballots	1	44.22092514870142	SimBa
tweet-sno-1317	Q0	vclaim-sno-dhs-12m-trump-votes	1	42.59897641685674	SimBa
tweet-sno-1317	Q0	vclaim-sno-alabama-doug-jones-ballots	1	42.2712551371729	SimBa
tweet-sno-1318	Q0	vclaim-sno-floyd-county-georgia-votes	1	54.920571255950264	SimBa
tweet-sno-1318	Q0	vclaim-sno-georgia-signature-audit	1	48.0705807847711	SimBa
tweet-sno-1318	Q0	vclaim-sno-ballots-georgia-senate	1	48.010933505747154	SimBa
tweet-sno-1318	Q0	vclaim-sno-georgia-dekalb-reject-mail-ballots	1	47.737174545669134	SimBa
tweet-sno-1318	Q0	vclaim-sno-broward-county-fraud-voters-votes	1	47.254650863385095	SimBa
tweet-sno-1319	Q0	vclaim-sno-floyd-county-georgia-votes	1	65.47692164036005	SimBa
tweet-sno-1319	Q0	vclaim-sno-georgia-dekalb-reject-mail-ballots	1	51.700161259024306	SimBa
tweet-sno-1319	Q0	vclaim-sno-georgia-signature-audit	1	50.64537140064575	SimBa
tweet-sno-1319	Q0	vclaim-sno-trump-biden-vote-dumps	1	49.9601608513843	SimBa
tweet-sno-1319	Q0	vclaim-sno-wisconsin-vote-dump	1	49.14343765317544	SimBa
tweet-sno-1320	Q0	vclaim-sno-biden-trump-inauguration-crowd	1	49.40664342672071	SimBa
tweet-sno-1320	Q0	vclaim-sno-maga-trump-million-march	1	49.08859064899522	SimBa
tweet-sno-1320	Q0	vclaim-sno-pennsylvania-trump-rally	1	46.97123801134119	SimBa
tweet-sno-1320	Q0	vclaim-sno-mike-pence-conservatives-womens-march	1	45.455503271045124	SimBa
tweet-sno-1320	Q0	vclaim-sno-trump-rally-crowd-66000	1	45.115379474601504	SimBa
tweet-sno-1321	Q0	vclaim-sno-newsmax-biden-pence	1	53.91606221090923	SimBa
tweet-sno-1321	Q0	vclaim-sno-mike-pence-to-resign	1	47.948774760993935	SimBa
tweet-sno-1321	Q0	vclaim-sno-gowdy-pence-2020	1	43.810594225444184	SimBa
tweet-sno-1321	Q0	vclaim-sno-republican-senate-candidate-tells-melania-trump-to-sterilize-the-white-house	1	43.5212600422353	SimBa
tweet-sno-1321	Q0	vclaim-sno-pence-escorted	1	43.25974233912897	SimBa
tweet-sno-1322	Q0	vclaim-sno-newsmax-biden-pence	1	61.088285428777326	SimBa
tweet-sno-1322	Q0	vclaim-sno-mike-pence-to-resign	1	46.189850454694806	SimBa
tweet-sno-1322	Q0	vclaim-sno-trump-considering-resignation	1	44.7716303678279	SimBa
tweet-sno-1322	Q0	vclaim-sno-rather-ends-retirement-donald-trump	1	43.882725505438145	SimBa
tweet-sno-1322	Q0	vclaim-sno-fake-donald-trump-drops-out	1	43.86247244291931	SimBa
tweet-sno-1323	Q0	vclaim-sno-newsmax-biden-pence	1	60.568435428767906	SimBa
tweet-sno-1323	Q0	vclaim-sno-mike-pence-to-resign	1	46.53460020117315	SimBa
tweet-sno-1323	Q0	vclaim-sno-smooth-transition-trump	1	46.08064839436133	SimBa
tweet-sno-1323	Q0	vclaim-sno-republican-senate-candidate-tells-melania-trump-to-sterilize-the-white-house	1	45.59362575553895	SimBa
tweet-sno-1323	Q0	vclaim-sno-mike-pence-blames-media-for-trump-controversies	1	45.39919176639603	SimBa
tweet-sno-1324	Q0	vclaim-sno-rnc-chairwoman-deleted-tweet	1	55.63300106828582	SimBa
tweet-sno-1324	Q0	vclaim-sno-fake-aoc-purge-tweet	1	49.05614716935423	SimBa
tweet-sno-1324	Q0	vclaim-sno-biden-faux-campaign-website	1	48.6450937665501	SimBa
tweet-sno-1324	Q0	vclaim-sno-harlan-hill-eat-shoe-biden-won	1	46.065077169103056	SimBa
tweet-sno-1324	Q0	vclaim-sno-tomi-lahren-biden-supporters-loot	1	46.040732363952436	SimBa
tweet-sno-1325	Q0	vclaim-sno-raising-canes-chicken-bankruptcy	1	51.09745190951746	SimBa
tweet-sno-1325	Q0	vclaim-sno-nordstrom-chapter-11-baio-boycott	1	40.52538935415177	SimBa
tweet-sno-1325	Q0	vclaim-sno-dunkin-donuts-bankruptcy-prank	1	39.43700591319749	SimBa
tweet-sno-1325	Q0	vclaim-sno-did-nfl-team-declare-bankruptcy-protests	1	39.075860523524156	SimBa
tweet-sno-1325	Q0	vclaim-sno-kohls-bankrupt-closing-818-stores	1	37.58021962149284	SimBa
tweet-sno-1326	Q0	vclaim-sno-raising-canes-chicken-bankruptcy	1	44.69723488126952	SimBa
tweet-sno-1326	Q0	vclaim-sno-nordstrom-chapter-11-baio-boycott	1	36.66883809587928	SimBa
tweet-sno-1326	Q0	vclaim-sno-did-nfl-team-declare-bankruptcy-protests	1	35.8882516002401	SimBa
tweet-sno-1326	Q0	vclaim-sno-taco-bell-closing-2020	1	35.59614951368346	SimBa
tweet-sno-1326	Q0	vclaim-sno-subway-pizza-hut-closing	1	35.16079638410155	SimBa
tweet-sno-1327	Q0	vclaim-sno-clint-eastwood-death-hoax	1	40.36815466139374	SimBa
tweet-sno-1327	Q0	vclaim-sno-chevy-chase-death-hoax	1	40.03306411425162	SimBa
tweet-sno-1327	Q0	vclaim-sno-tweet-predict-kobe-death	1	37.782636902693035	SimBa
tweet-sno-1327	Q0	vclaim-sno-chicago-code-blue-fb-meme	1	37.67598597954131	SimBa
tweet-sno-1327	Q0	vclaim-sno-fabian-suarez-wastehistime-murder	1	36.52903437912977	SimBa
tweet-sno-1328	Q0	vclaim-sno-xbox-playstation-ps5-congrats	1	56.51539858418192	SimBa
tweet-sno-1328	Q0	vclaim-sno-cyberpunk-2077-refunds	1	38.11608423677971	SimBa
tweet-sno-1328	Q0	vclaim-sno-all-work-and-no-playstation	1	34.65572644086841	SimBa
tweet-sno-1328	Q0	vclaim-sno-biden-maskless-birthday-video	1	34.41233119838958	SimBa
tweet-sno-1328	Q0	vclaim-sno-amazon-holiday-shopping	1	34.22423115077731	SimBa
tweet-sno-1329	Q0	vclaim-sno-xbox-playstation-ps5-congrats	1	54.803174364167276	SimBa
tweet-sno-1329	Q0	vclaim-sno-cyberpunk-2077-refunds	1	40.596693766862266	SimBa
tweet-sno-1329	Q0	vclaim-sno-all-work-and-no-playstation	1	37.41771513464364	SimBa
tweet-sno-1329	Q0	vclaim-sno-amazon-holiday-shopping	1	35.804853323791676	SimBa
tweet-sno-1329	Q0	vclaim-sno-hillary-clintons-premature-celebration	1	34.4993877378332	SimBa
tweet-sno-1330	Q0	vclaim-sno-ice-twitter-account-disappear	1	51.55022855107964	SimBa
tweet-sno-1330	Q0	vclaim-sno-was-parler-hacked	1	41.790626495640225	SimBa
tweet-sno-1330	Q0	vclaim-sno-twitter-biden-negative-news	1	39.5463594405655	SimBa
tweet-sno-1330	Q0	vclaim-sno-nps-twitter-account-shut-down	1	39.290874936872584	SimBa
tweet-sno-1330	Q0	vclaim-sno-twitter-marjorie-taylor-greene	1	38.90534751254627	SimBa
tweet-sno-1331	Q0	vclaim-sno-ice-twitter-account-disappear	1	61.13362814187633	SimBa
tweet-sno-1331	Q0	vclaim-sno-ice-arrest-los-angeles-mayor	1	44.384751417538	SimBa
tweet-sno-1331	Q0	vclaim-sno-ice-hurl-pregnant-woman-border-wall	1	43.395540577608664	SimBa
tweet-sno-1331	Q0	vclaim-sno-new-york-ice-agent-suicide-note	1	42.489883176419994	SimBa
tweet-sno-1331	Q0	vclaim-sno-did-twitter-lock-trumps-account	1	41.851277737364995	SimBa
tweet-sno-1332	Q0	vclaim-sno-veterans-national-parks-lifetime	1	64.1639574852275	SimBa
tweet-sno-1332	Q0	vclaim-sno-free-meals-for-veterans	1	46.739274134629895	SimBa
tweet-sno-1332	Q0	vclaim-sno-trump-veterans-day-56-years	1	43.143693345533556	SimBa
tweet-sno-1332	Q0	vclaim-sno-obama-in-cemetery-on-veterans-day	1	42.38558570913618	SimBa
tweet-sno-1332	Q0	vclaim-sno-trump-veterans-free-health-care	1	42.23385639869454	SimBa
tweet-sno-1333	Q0	vclaim-sno-covid-vaccine-funded-by-trump	1	53.21911678014678	SimBa
tweet-sno-1333	Q0	vclaim-sno-cuomo-vaccine-bad-news-trump	1	49.27572282277157	SimBa
tweet-sno-1333	Q0	vclaim-sno-pence-trump-coronavirus-test	1	48.23467081906048	SimBa
tweet-sno-1333	Q0	vclaim-sno-trump-promise-vaccine-election-day	1	46.711251897931476	SimBa
tweet-sno-1333	Q0	vclaim-sno-pence-conversation-coronavirus	1	46.26135295021247	SimBa
tweet-sno-1334	Q0	vclaim-sno-covid-vaccine-funded-by-trump	1	54.03924432386443	SimBa
tweet-sno-1334	Q0	vclaim-sno-cuomo-vaccine-bad-news-trump	1	47.32349868951365	SimBa
tweet-sno-1334	Q0	vclaim-sno-covid-good-news-list-accurate	1	45.32628663788755	SimBa
tweet-sno-1334	Q0	vclaim-sno-fauci-trump-handling-covid	1	44.53842845674366	SimBa
tweet-sno-1334	Q0	vclaim-sno-trump-tulsa-rally-covid19-test	1	43.305338863377735	SimBa
tweet-sno-1335	Q0	vclaim-sno-biden-hat-trump-maga	1	55.07142770856985	SimBa
tweet-sno-1335	Q0	vclaim-sno-biden-fail-condemn-antifa	1	45.434754698910055	SimBa
tweet-sno-1335	Q0	vclaim-sno-27-republicans-endorse-biden	1	44.86137467283024	SimBa
tweet-sno-1335	Q0	vclaim-sno-harlan-hill-eat-shoe-biden-won	1	44.04248665733171	SimBa
tweet-sno-1335	Q0	vclaim-sno-mcconnell-biden-putin	1	43.62819559244314	SimBa
tweet-sno-1336	Q0	vclaim-sno-biden-major-dog-rescue-white-house	1	69.80510199182054	SimBa
tweet-sno-1336	Q0	vclaim-sno-biden-dog-major-indoguration	1	57.14478644175066	SimBa
tweet-sno-1336	Q0	vclaim-sno-biden-team-statement-dog	1	56.61365588440694	SimBa
tweet-sno-1336	Q0	vclaim-sno-biden-dogs-kicked-out-white-house	1	51.48828977315753	SimBa
tweet-sno-1336	Q0	vclaim-sno-joe-biden-dog-big	1	46.304729737764376	SimBa
tweet-sno-1337	Q0	vclaim-sno-golfing-trump-election-results	1	53.00323882160453	SimBa
tweet-sno-1337	Q0	vclaim-sno-trump-golf-rallies-coronavirus	1	50.09504369559727	SimBa
tweet-sno-1337	Q0	vclaim-sno-donald-trump-golf-course	1	49.82214964471617	SimBa
tweet-sno-1337	Q0	vclaim-sno-pence-trump-coronavirus-test	1	46.623413505052646	SimBa
tweet-sno-1337	Q0	vclaim-sno-trump-obama-golf	1	46.39105634542739	SimBa
tweet-sno-1338	Q0	vclaim-sno-bannon-fauci-wray-head-pikes	1	59.2925867799118	SimBa
tweet-sno-1338	Q0	vclaim-sno-fbi-director-james-comeys-trump-sign	1	44.39769861357783	SimBa
tweet-sno-1338	Q0	vclaim-sno-clyburn-articles-impeachment	1	43.02644288105821	SimBa
tweet-sno-1338	Q0	vclaim-sno-isis-called-for-assassination-of-barron-trump	1	42.52721833695425	SimBa
tweet-sno-1338	Q0	vclaim-sno-trumps-first-order-flag-burning	1	42.18752163720593	SimBa
tweet-sno-1339	Q0	vclaim-sno-gray-wolves-endangered-trump	1	59.1277815663684	SimBa
tweet-sno-1339	Q0	vclaim-sno-trump-whales-sea-turtles	1	46.43468634413043	SimBa
tweet-sno-1339	Q0	vclaim-sno-trump-hunting-bald-eagles	1	41.857476513048766	SimBa
tweet-sno-1339	Q0	vclaim-sno-obama-gives-kill-order-for-bald-eagles	1	41.011872068534615	SimBa
tweet-sno-1339	Q0	vclaim-sno-our-western-way-of-life	1	40.88791171318362	SimBa
tweet-sno-1340	Q0	vclaim-sno-pa-worker-filling-ballots	1	57.28689255828349	SimBa
tweet-sno-1340	Q0	vclaim-sno-erie-pennsylvania-trump-ballots	1	46.88587341962103	SimBa
tweet-sno-1340	Q0	vclaim-sno-broward-county-blank-ballots	1	45.85145787871239	SimBa
tweet-sno-1340	Q0	vclaim-sno-ga-senator-counting-pa	1	45.0963174935953	SimBa
tweet-sno-1340	Q0	vclaim-sno-ballots-lancaster-pa	1	44.74071117466278	SimBa
tweet-sno-1341	Q0	vclaim-sno-stop-the-count-chant	1	61.94980039679389	SimBa
tweet-sno-1341	Q0	vclaim-sno-popular-vote-totals-rigged	1	48.41138992931046	SimBa
tweet-sno-1341	Q0	vclaim-sno-trump-biden-vote-dumps	1	47.17509661879885	SimBa
tweet-sno-1341	Q0	vclaim-sno-teamkraken-georgia-injunction	1	46.4035355484004	SimBa
tweet-sno-1341	Q0	vclaim-sno-trump-recount-battleground-states	1	45.76860870533942	SimBa
tweet-sno-1342	Q0	vclaim-sno-trump-recount-battleground-states	1	67.96323039701541	SimBa
tweet-sno-1342	Q0	vclaim-sno-trump-biden-vote-dumps	1	47.53188202366725	SimBa
tweet-sno-1342	Q0	vclaim-sno-trump-vote-twice-north-carolina	1	47.4186069499863	SimBa
tweet-sno-1342	Q0	vclaim-sno-12th-amendment-path-to-victory	1	47.21222387057609	SimBa
tweet-sno-1342	Q0	vclaim-sno-trump-described-the-electoral-college-as-a-disaster	1	46.14173258612901	SimBa
tweet-sno-1343	Q0	vclaim-sno-sharpie-trump-ballots-arizona	1	48.93976588149267	SimBa
tweet-sno-1343	Q0	vclaim-sno-millions-mail-in-ballots	1	48.820823450603406	SimBa
tweet-sno-1343	Q0	vclaim-sno-postal-worker-caught-destroying-absentee-trump-ballots-in-major-swing-state	1	47.895536301183824	SimBa
tweet-sno-1343	Q0	vclaim-sno-california-unlawful-ballots	1	47.62460762761988	SimBa
tweet-sno-1343	Q0	vclaim-sno-ca-gop-ballot-drop-boxes	1	46.885457778561815	SimBa
tweet-sno-1344	Q0	vclaim-sno-sharpie-trump-ballots-arizona	1	59.19611911102291	SimBa
tweet-sno-1344	Q0	vclaim-sno-postal-worker-caught-destroying-absentee-trump-ballots-in-major-swing-state	1	47.73951906311668	SimBa
tweet-sno-1344	Q0	vclaim-sno-pennsylvania-judge-legal-win-trump	1	46.80269032728592	SimBa
tweet-sno-1344	Q0	vclaim-sno-20000-dead-voters-in-pennsylvania	1	46.79651280274601	SimBa
tweet-sno-1344	Q0	vclaim-sno-georgia-signature-audit	1	46.23314079478662	SimBa
tweet-sno-1345	Q0	vclaim-sno-sharpie-trump-ballots-arizona	1	54.55342765295552	SimBa
tweet-sno-1345	Q0	vclaim-sno-wisconsin-vote-dump	1	51.08982025760095	SimBa
tweet-sno-1345	Q0	vclaim-sno-biden-fraud-ballots-count	1	49.77629926154073	SimBa
tweet-sno-1345	Q0	vclaim-sno-trump-biden-vote-dumps	1	47.27002170696798	SimBa
tweet-sno-1345	Q0	vclaim-sno-georgia-signature-audit	1	47.16177790963082	SimBa
tweet-sno-1346	Q0	vclaim-sno-saved-whale-says-thanks	1	42.78453015001059	SimBa
tweet-sno-1346	Q0	vclaim-sno-big-gulp	1	42.7137861688508	SimBa
tweet-sno-1346	Q0	vclaim-sno-fisherman-survived-inside-whale-for-three-days	1	42.109705582388656	SimBa
tweet-sno-1346	Q0	vclaim-sno-killer-whale	1	42.04233164547726	SimBa
tweet-sno-1346	Q0	vclaim-sno-photograph-kayak-orcas	1	41.7446462715136	SimBa
tweet-sno-1347	Q0	vclaim-sno-big-gulp	1	49.84838678331904	SimBa
tweet-sno-1347	Q0	vclaim-sno-humpback-whale-eat-kayaker	1	48.16218575107482	SimBa
tweet-sno-1347	Q0	vclaim-sno-killer-whale	1	46.39284999293971	SimBa
tweet-sno-1347	Q0	vclaim-sno-photograph-kayak-orcas	1	46.23246354135213	SimBa
tweet-sno-1347	Q0	vclaim-sno-whales-feeding-boat-photo	1	45.48853389713234	SimBa
tweet-sno-1348	Q0	vclaim-sno-biden-black-athletes-green-mile	1	51.61042851336661	SimBa
tweet-sno-1348	Q0	vclaim-sno-biden-racial-jungle-quote	1	43.42359820917002	SimBa
tweet-sno-1348	Q0	vclaim-sno-joe-biden-no-empathy	1	41.955880629771734	SimBa
tweet-sno-1348	Q0	vclaim-sno-joe-biden-put-yall-back-in-chains	1	41.35111685576176	SimBa
tweet-sno-1348	Q0	vclaim-sno-bidens-golfing-burisma-head	1	40.534916352956955	SimBa
tweet-sno-1349	Q0	vclaim-sno-kamala-harris-pearls-election-day	1	47.03463474525047	SimBa
tweet-sno-1349	Q0	vclaim-sno-coat-hangers-ready	1	41.27047342244047	SimBa
tweet-sno-1349	Q0	vclaim-sno-27-republicans-endorse-biden	1	37.6056987747821	SimBa
tweet-sno-1349	Q0	vclaim-sno-bells-in-paris-biden	1	37.45278365205752	SimBa
tweet-sno-1349	Q0	vclaim-sno-pelosi-civilization-as-we-know-it	1	37.42465011758152	SimBa
tweet-sno-1350	Q0	vclaim-sno-amish-trump-presidential-victory	1	50.43331652456452	SimBa
tweet-sno-1350	Q0	vclaim-sno-amish-buggies-trump	1	47.07651355399393	SimBa
tweet-sno-1350	Q0	vclaim-sno-make-america-white-again-trump	1	40.63744400235871	SimBa
tweet-sno-1350	Q0	vclaim-sno-pennsylvania-trump-rally	1	40.39361050768731	SimBa
tweet-sno-1350	Q0	vclaim-sno-trump-tulsa-rally-crowd	1	40.09575142140051	SimBa
tweet-sno-1351	Q0	vclaim-sno-omar-minnesota-register-vote	1	49.66531085776717	SimBa
tweet-sno-1351	Q0	vclaim-sno-wisconsin-more-votes-than-voters	1	40.78401093180248	SimBa
tweet-sno-1351	Q0	vclaim-sno-pence-op-ed-hr1-immigrants	1	39.51415093851973	SimBa
tweet-sno-1351	Q0	vclaim-sno-vote-after-polls-closed-2020	1	38.14201590404066	SimBa
tweet-sno-1351	Q0	vclaim-sno-300000-wisconsin-voters-turned-away-due-to-voter-id-laws	1	37.95569329726714	SimBa
tweet-sno-1352	Q0	vclaim-sno-hunter-biden-flipped-fbi	1	48.633397789927685	SimBa
tweet-sno-1352	Q0	vclaim-sno-bar-owner-biden-ad	1	46.23093056994287	SimBa
tweet-sno-1352	Q0	vclaim-sno-bidens-golfing-burisma-head	1	45.994448799827055	SimBa
tweet-sno-1352	Q0	vclaim-sno-bidens-win-lie-of-the-year	1	45.909939287135956	SimBa
tweet-sno-1352	Q0	vclaim-sno-biden-faux-campaign-website	1	45.19748598255863	SimBa
tweet-sno-1353	Q0	vclaim-sno-hunter-biden-flipped-fbi	1	56.695941706051926	SimBa
tweet-sno-1353	Q0	vclaim-sno-hunter-biden-dead-overdose-hoax	1	48.03017321947516	SimBa
tweet-sno-1353	Q0	vclaim-sno-fbi-agents-hunter-biden	1	44.81905767642616	SimBa
tweet-sno-1353	Q0	vclaim-sno-hunter-biden-discharge	1	43.44988542955615	SimBa
tweet-sno-1353	Q0	vclaim-sno-star-witnesses-vs-biden-dead	1	42.53718677213625	SimBa
tweet-sno-1354	Q0	vclaim-sno-hunter-biden-flipped-fbi	1	48.9402591717055	SimBa
tweet-sno-1354	Q0	vclaim-sno-hunter-biden-dead-overdose-hoax	1	48.58915007834192	SimBa
tweet-sno-1354	Q0	vclaim-sno-bidens-golfing-burisma-head	1	42.83260378728706	SimBa
tweet-sno-1354	Q0	vclaim-sno-27-republicans-endorse-biden	1	41.93439373682263	SimBa
tweet-sno-1354	Q0	vclaim-sno-ivanka-trump-hunter-biden	1	41.84636205847599	SimBa
tweet-sno-1355	Q0	vclaim-sno-hunter-biden-flipped-fbi	1	37.47152009717834	SimBa
tweet-sno-1355	Q0	vclaim-sno-covid-19-bat-quarters	1	36.22763491601908	SimBa
tweet-sno-1355	Q0	vclaim-sno-bidens-golfing-burisma-head	1	35.80556974055586	SimBa
tweet-sno-1355	Q0	vclaim-sno-republican-dean-browning-gay	1	35.03625146388221	SimBa
tweet-sno-1355	Q0	vclaim-sno-jamie-allman-david-hogg-poker	1	33.79919228650381	SimBa
tweet-sno-1356	Q0	vclaim-sno-hunter-biden-flipped-fbi	1	44.68389774120527	SimBa
tweet-sno-1356	Q0	vclaim-sno-biden-admit-voter-fraud	1	44.14529157259828	SimBa
tweet-sno-1356	Q0	vclaim-sno-hunter-biden-dead-overdose-hoax	1	43.39546852135547	SimBa
tweet-sno-1356	Q0	vclaim-sno-fake-biden-arrest-warrant	1	41.860210034671866	SimBa
tweet-sno-1356	Q0	vclaim-sno-wisconsin-vote-dump	1	41.74146081069209	SimBa
tweet-sno-1357	Q0	vclaim-sno-armed-trump-fans-biden-bus	1	54.76462679773523	SimBa
tweet-sno-1357	Q0	vclaim-sno-fbi-trump-biden-bus	1	49.18030410246372	SimBa
tweet-sno-1357	Q0	vclaim-sno-trump-rally-omaha	1	45.928282707669396	SimBa
tweet-sno-1357	Q0	vclaim-sno-trump-rally-chant	1	44.74765511085336	SimBa
tweet-sno-1357	Q0	vclaim-sno-allahu-akbar-rally	1	44.72886991107286	SimBa
tweet-sno-1358	Q0	vclaim-sno-fbi-trump-biden-bus	1	55.59027319941336	SimBa
tweet-sno-1358	Q0	vclaim-sno-armed-trump-fans-biden-bus	1	49.489192278758615	SimBa
tweet-sno-1358	Q0	vclaim-sno-anti-trump-protesters-bused-into-austin	1	47.640518577225635	SimBa
tweet-sno-1358	Q0	vclaim-sno-bus-crash-super-tuesday	1	43.71615210518321	SimBa
tweet-sno-1358	Q0	vclaim-sno-trump-train-stuck-under-bridge	1	41.482197491533	SimBa
tweet-sno-1359	Q0	vclaim-sno-fbi-trump-biden-bus	1	51.71683229016419	SimBa
tweet-sno-1359	Q0	vclaim-sno-armed-trump-fans-biden-bus	1	51.51284779008974	SimBa
tweet-sno-1359	Q0	vclaim-sno-run-over-trump-protesters	1	50.65111783940617	SimBa
tweet-sno-1359	Q0	vclaim-sno-antifa-flyer-trump-supporters	1	44.96854249518895	SimBa
tweet-sno-1359	Q0	vclaim-sno-anti-trump-protesters-bused-into-austin	1	44.694230404106136	SimBa
tweet-sno-1360	Q0	vclaim-sno-fbi-trump-biden-bus	1	54.08031492623195	SimBa
tweet-sno-1360	Q0	vclaim-sno-armed-trump-fans-biden-bus	1	47.91532111223083	SimBa
tweet-sno-1360	Q0	vclaim-sno-anti-trump-protesters-bused-into-austin	1	43.50114243762131	SimBa
tweet-sno-1360	Q0	vclaim-sno-bus-crash-super-tuesday	1	43.06383028851218	SimBa
tweet-sno-1360	Q0	vclaim-sno-trump-train-stuck-under-bridge	1	41.90227851198857	SimBa
tweet-sno-1361	Q0	vclaim-sno-left-wing-mob-violence	1	44.99620688415402	SimBa
tweet-sno-1361	Q0	vclaim-sno-biden-staffers-bailout-fund	1	44.00499321608121	SimBa
tweet-sno-1361	Q0	vclaim-sno-off-the-beaten-path	1	43.819457308712444	SimBa
tweet-sno-1361	Q0	vclaim-sno-fbi-trump-biden-bus	1	43.76604406402553	SimBa
tweet-sno-1361	Q0	vclaim-sno-armed-trump-fans-biden-bus	1	43.74755195568825	SimBa
tweet-sno-1362	Q0	vclaim-sno-sean-connery-trump-golf-course	1	52.47863627105833	SimBa
tweet-sno-1362	Q0	vclaim-sno-sean-connery-net-worth	1	43.66133587482188	SimBa
tweet-sno-1362	Q0	vclaim-sno-sean-penn-moves-to-venezuela	1	42.65481851919248	SimBa
tweet-sno-1362	Q0	vclaim-sno-celebrity-death-hoax-trump	1	41.06595177255461	SimBa
tweet-sno-1362	Q0	vclaim-sno-false-sean-connery-letter-to-apple	1	40.27403715820293	SimBa
tweet-sno-1363	Q0	vclaim-sno-taco-bell-mexican-pizza	1	47.209874751098745	SimBa
tweet-sno-1363	Q0	vclaim-sno-subway-pizza-hut-closing	1	43.948320091814324	SimBa
tweet-sno-1363	Q0	vclaim-sno-taco-bell-closing-2020	1	43.650735730117006	SimBa
tweet-sno-1363	Q0	vclaim-sno-taco-bell-closing	1	42.26580474168824	SimBa
tweet-sno-1363	Q0	vclaim-sno-meat-your-maker	1	41.05054055191958	SimBa
tweet-sno-1364	Q0	vclaim-sno-taco-bell-mexican-pizza	1	45.71780321213989	SimBa
tweet-sno-1364	Q0	vclaim-sno-taco-bell-closing-2020	1	41.70428634995491	SimBa
tweet-sno-1364	Q0	vclaim-sno-taco-cabana-sign-donald-trump-prank	1	41.56437793640997	SimBa
tweet-sno-1364	Q0	vclaim-sno-burger-king-customers-manager	1	40.72931968275551	SimBa
tweet-sno-1364	Q0	vclaim-sno-taco-bell-menu-change	1	39.919063425903246	SimBa
tweet-sno-1365	Q0	vclaim-sno-taco-bell-mexican-pizza	1	47.4494011567215	SimBa
tweet-sno-1365	Q0	vclaim-sno-subway-pizza-hut-closing	1	45.09309107008099	SimBa
tweet-sno-1365	Q0	vclaim-sno-taco-bell-closing-2020	1	43.996362879970626	SimBa
tweet-sno-1365	Q0	vclaim-sno-taco-bell-menu-change	1	41.17129330582835	SimBa
tweet-sno-1365	Q0	vclaim-sno-meat-your-maker	1	40.76750727624419	SimBa
tweet-sno-1366	Q0	vclaim-sno-taco-bell-closing-2020	1	45.852625455022086	SimBa
tweet-sno-1366	Q0	vclaim-sno-taco-bell-mexican-pizza	1	43.67376807495887	SimBa
tweet-sno-1366	Q0	vclaim-sno-mcpizza	1	43.560780596130535	SimBa
tweet-sno-1366	Q0	vclaim-sno-subway-pizza-hut-closing	1	41.407625915978315	SimBa
tweet-sno-1366	Q0	vclaim-sno-taco-bell-menu-change	1	41.29279155228867	SimBa
tweet-sno-1367	Q0	vclaim-sno-taco-bell-mexican-pizza	1	46.3778576101965	SimBa
tweet-sno-1367	Q0	vclaim-sno-taco-bell-closing-2020	1	44.0408513477352	SimBa
tweet-sno-1367	Q0	vclaim-sno-subway-pizza-hut-closing	1	43.36182339257971	SimBa
tweet-sno-1367	Q0	vclaim-sno-taco-bell-menu-change	1	40.425536132826956	SimBa
tweet-sno-1367	Q0	vclaim-sno-taco-bell-closing	1	39.40704530334243	SimBa
tweet-sno-1368	Q0	vclaim-sno-cheesecake-factory-closing-rumor	1	44.997752379923504	SimBa
tweet-sno-1368	Q0	vclaim-sno-subway-pizza-hut-closing	1	44.155300106140366	SimBa
tweet-sno-1368	Q0	vclaim-sno-whataburger-closing-its-doors	1	41.5382258729778	SimBa
tweet-sno-1368	Q0	vclaim-sno-taco-bell-closing-2020	1	39.934334233842435	SimBa
tweet-sno-1368	Q0	vclaim-sno-taco-bell-closing	1	39.621667361899334	SimBa
tweet-sno-1369	Q0	vclaim-sno-cheesecake-factory-closing-rumor	1	49.8698152865787	SimBa
tweet-sno-1369	Q0	vclaim-sno-subway-pizza-hut-closing	1	46.11873801258897	SimBa
tweet-sno-1369	Q0	vclaim-sno-taco-bell-closing-2020	1	42.841830293189254	SimBa
tweet-sno-1369	Q0	vclaim-sno-taco-bell-closing	1	41.94328977773464	SimBa
tweet-sno-1369	Q0	vclaim-sno-whataburger-closing-its-doors	1	41.14262562162357	SimBa
tweet-sno-1370	Q0	vclaim-sno-cheesecake-factory-closing-rumor	1	50.26751368745006	SimBa
tweet-sno-1370	Q0	vclaim-sno-subway-pizza-hut-closing	1	43.03302193815956	SimBa
tweet-sno-1370	Q0	vclaim-sno-red-lobster-closing	1	41.7196002615903	SimBa
tweet-sno-1370	Q0	vclaim-sno-taco-bell-closing-2020	1	41.63434326374078	SimBa
tweet-sno-1370	Q0	vclaim-sno-taco-bell-closing	1	40.775801012533734	SimBa
tweet-sno-1371	Q0	vclaim-sno-cheesecake-factory-closing-rumor	1	59.05680569715338	SimBa
tweet-sno-1371	Q0	vclaim-sno-subway-pizza-hut-closing	1	46.22411838618673	SimBa
tweet-sno-1371	Q0	vclaim-sno-whataburger-closing-its-doors	1	43.53179859006949	SimBa
tweet-sno-1371	Q0	vclaim-sno-knotts-berry-farm-fleeing	1	41.640484248519186	SimBa
tweet-sno-1371	Q0	vclaim-sno-olive-garden-closing	1	41.57001955592912	SimBa
tweet-sno-1372	Q0	vclaim-sno-cheesecake-factory-closing-rumor	1	57.15545465538026	SimBa
tweet-sno-1372	Q0	vclaim-sno-subway-pizza-hut-closing	1	46.358880615924186	SimBa
tweet-sno-1372	Q0	vclaim-sno-whataburger-closing-its-doors	1	44.187921548332156	SimBa
tweet-sno-1372	Q0	vclaim-sno-taco-bell-closing	1	43.68291902653026	SimBa
tweet-sno-1372	Q0	vclaim-sno-red-lobster-closing	1	43.071429874353626	SimBa
tweet-sno-1373	Q0	vclaim-sno-cheesecake-factory-closing-rumor	1	49.75926744103114	SimBa
tweet-sno-1373	Q0	vclaim-sno-subway-pizza-hut-closing	1	42.732863690827976	SimBa
tweet-sno-1373	Q0	vclaim-sno-whataburger-closing-its-doors	1	42.546645814702515	SimBa
tweet-sno-1373	Q0	vclaim-sno-taco-bell-closing	1	41.264405477934076	SimBa
tweet-sno-1373	Q0	vclaim-sno-taco-bell-closing-2020	1	40.72188161400582	SimBa
tweet-sno-1374	Q0	vclaim-sno-cheesecake-factory-closing-rumor	1	65.72974868990624	SimBa
tweet-sno-1374	Q0	vclaim-sno-subway-pizza-hut-closing	1	47.664149807095086	SimBa
tweet-sno-1374	Q0	vclaim-sno-whataburger-closing-its-doors	1	45.12716140791819	SimBa
tweet-sno-1374	Q0	vclaim-sno-red-lobster-closing	1	44.1833698951355	SimBa
tweet-sno-1374	Q0	vclaim-sno-taco-bell-closing	1	43.93491481649044	SimBa
tweet-sno-1375	Q0	vclaim-sno-cheesecake-factory-closing-rumor	1	59.9708325417405	SimBa
tweet-sno-1375	Q0	vclaim-sno-subway-pizza-hut-closing	1	44.88808349873996	SimBa
tweet-sno-1375	Q0	vclaim-sno-whataburger-closing-its-doors	1	42.52391874445564	SimBa
tweet-sno-1375	Q0	vclaim-sno-cheesecake-factory-gift-card	1	42.40764712367298	SimBa
tweet-sno-1375	Q0	vclaim-sno-taco-bell-closing-2020	1	41.38511307703881	SimBa
tweet-sno-1376	Q0	vclaim-sno-girl-scouts-congratulate-barrett	1	49.78322024204521	SimBa
tweet-sno-1376	Q0	vclaim-sno-pelosi-tweet-chinatown-tourism	1	45.20934095673934	SimBa
tweet-sno-1376	Q0	vclaim-sno-amy-coney-barrett	1	44.48217559115539	SimBa
tweet-sno-1376	Q0	vclaim-sno-betsy-devos-america-tweet	1	43.11913902557767	SimBa
tweet-sno-1376	Q0	vclaim-sno-spooked-clinton-campaign-manager-deleted-tweets	1	42.903441670297326	SimBa
tweet-sno-1377	Q0	vclaim-sno-aoc-gop-sad-stupid-vanity-fair	1	54.281792677217545	SimBa
tweet-sno-1377	Q0	vclaim-sno-alexandria-ocasio-cortez-ensemble	1	43.403607999238126	SimBa
tweet-sno-1377	Q0	vclaim-sno-whoopi-goldberg-wears-violent-trump-shirt	1	39.902731526932925	SimBa
tweet-sno-1377	Q0	vclaim-sno-melania-trump-wore-pussy-bow	1	39.75140410710539	SimBa
tweet-sno-1377	Q0	vclaim-sno-woman-attacked-on-camera-for-wearing-a-trump-hat-in-hollywood	1	38.86984790521373	SimBa
tweet-sno-1378	Q0	vclaim-sno-trump-biden-assassination-shot	1	52.51573970591357	SimBa
tweet-sno-1378	Q0	vclaim-sno-isis-called-for-assassination-of-barron-trump	1	45.692024589324376	SimBa
tweet-sno-1378	Q0	vclaim-sno-trump-lincoln-dishonest	1	44.286868279778574	SimBa
tweet-sno-1378	Q0	vclaim-sno-listen-to-scientists	1	42.64919513770495	SimBa
tweet-sno-1378	Q0	vclaim-sno-donald-trump-threatens-arrest-alec-baldwin	1	42.04527221847167	SimBa
tweet-sno-1379	Q0	vclaim-sno-biden-admit-voter-fraud	1	53.53061380338784	SimBa
tweet-sno-1379	Q0	vclaim-sno-trump-biden-vote-dumps	1	49.69237134710271	SimBa
tweet-sno-1379	Q0	vclaim-sno-wisconsin-vote-dump	1	49.31470981988279	SimBa
tweet-sno-1379	Q0	vclaim-sno-huckabee-letter-biden-fraud	1	48.51428725859061	SimBa
tweet-sno-1379	Q0	vclaim-sno-gallup-poll-electoral-fraud	1	47.022835236090415	SimBa
tweet-sno-1380	Q0	vclaim-sno-biden-tweet-pandemic	1	51.18597123082973	SimBa
tweet-sno-1380	Q0	vclaim-sno-obama-pandemic-preparedness-2014	1	50.046085706984904	SimBa
tweet-sno-1380	Q0	vclaim-sno-trump-tweet-obama-8-years	1	48.62709700578232	SimBa
tweet-sno-1380	Q0	vclaim-sno-obama-pandemic-playbook	1	47.86581966115771	SimBa
tweet-sno-1380	Q0	vclaim-sno-trump-stockpile-ventilators	1	46.65547708457376	SimBa
tweet-sno-1381	Q0	vclaim-sno-merriam-webster-barrett-sexual	1	52.25385392683999	SimBa
tweet-sno-1381	Q0	vclaim-sno-merriam-webster-definition-racism	1	44.0794978665111	SimBa
tweet-sno-1381	Q0	vclaim-sno-tedx-pedophilia-sexual-orientation	1	41.47191711314436	SimBa
tweet-sno-1381	Q0	vclaim-sno-fascism-corporations-corporatism-dictionary	1	40.776928502707456	SimBa
tweet-sno-1381	Q0	vclaim-sno-white-house-web-site-trump-changes	1	40.108484979485546	SimBa
tweet-sno-1382	Q0	vclaim-sno-joe-biden-put-yall-back-in-chains	1	46.06008712791182	SimBa
tweet-sno-1382	Q0	vclaim-sno-donald-trump-called-president-obama-a-lying-nr	1	45.791495599735725	SimBa
tweet-sno-1382	Q0	vclaim-sno-27-republicans-endorse-biden	1	45.77247195364133	SimBa
tweet-sno-1382	Q0	vclaim-sno-black-americans-super-predators	1	44.20376973539563	SimBa
tweet-sno-1382	Q0	vclaim-sno-elijah-cummings-said-democrats-gave-black-people-the-right-to-vote	1	43.94492880588164	SimBa
tweet-sno-1383	Q0	vclaim-sno-mitch-mcconnells-hands	1	52.82738055202696	SimBa
tweet-sno-1383	Q0	vclaim-sno-mcconnell-voting-photobomb	1	43.771995208693504	SimBa
tweet-sno-1383	Q0	vclaim-sno-cocaine-mitch	1	41.706102238027434	SimBa
tweet-sno-1383	Q0	vclaim-sno-supreme-court-flip-flop	1	41.3305324498825	SimBa
tweet-sno-1383	Q0	vclaim-sno-team-mitch-aoc	1	40.41244250094718	SimBa
tweet-sno-1384	Q0	vclaim-sno-nurse-gop-convention-shooting	1	51.26321285338661	SimBa
tweet-sno-1384	Q0	vclaim-sno-police-arrest-jesus-campos	1	41.58272662116114	SimBa
tweet-sno-1384	Q0	vclaim-sno-fake-nurses	1	40.152664203793464	SimBa
tweet-sno-1384	Q0	vclaim-sno-cop-after-not-shooting-guy-knife	1	39.86641603550427	SimBa
tweet-sno-1384	Q0	vclaim-sno-amy-schumer-arrested	1	39.74204027203652	SimBa
tweet-sno-1385	Q0	vclaim-sno-jane-fonda-covid-gods-gift	1	64.20887374976085	SimBa
tweet-sno-1385	Q0	vclaim-sno-rush-limbaugh-covid-common-cold	1	45.46717706774862	SimBa
tweet-sno-1385	Q0	vclaim-sno-biden-pandemic-statement	1	44.10371283934712	SimBa
tweet-sno-1385	Q0	vclaim-sno-msnbc-hope-coronavirus-kills	1	43.7883814380544	SimBa
tweet-sno-1385	Q0	vclaim-sno-biden-tweet-pandemic	1	43.77845661119467	SimBa
tweet-sno-1386	Q0	vclaim-sno-biden-ban-fracking	1	49.808828101914585	SimBa
tweet-sno-1386	Q0	vclaim-sno-harris-believe-biden-accusers	1	45.20231512578418	SimBa
tweet-sno-1386	Q0	vclaim-sno-biden-faux-campaign-website	1	45.18595374974403	SimBa
tweet-sno-1386	Q0	vclaim-sno-ted-cruz-covid-guarantee	1	43.460980237203	SimBa
tweet-sno-1386	Q0	vclaim-sno-does-biden-support-green-new-deal	1	43.35471251014433	SimBa
tweet-sno-1387	Q0	vclaim-sno-kennedy-nixon-virtual-debate-1960	1	48.352923464541455	SimBa
tweet-sno-1387	Q0	vclaim-sno-the-wire	1	41.501323831949804	SimBa
tweet-sno-1387	Q0	vclaim-sno-nancy-pelosi-with-jfk	1	40.52298752164554	SimBa
tweet-sno-1387	Q0	vclaim-sno-dershowitz-nixon-gang-dc	1	40.17544545982244	SimBa
tweet-sno-1387	Q0	vclaim-sno-trump-anti-gay-shunned	1	39.70201451412224	SimBa
tweet-sno-1388	Q0	vclaim-sno-karen-pence-mask-debate	1	51.40972036017427	SimBa
tweet-sno-1388	Q0	vclaim-sno-jayapal-maskless-congress	1	42.72033398657642	SimBa
tweet-sno-1388	Q0	vclaim-sno-whitmer-mask-photo	1	42.07549322759348	SimBa
tweet-sno-1388	Q0	vclaim-sno-rnc-masks-social-distancing	1	41.612905340022834	SimBa
tweet-sno-1388	Q0	vclaim-sno-biden-violate-mask-mandate	1	41.1196644565385	SimBa
tweet-sno-1389	Q0	vclaim-sno-trump-sign-hollywood-los-angeles	1	55.488377222052364	SimBa
tweet-sno-1389	Q0	vclaim-sno-god-bows-down-trump-sign	1	41.85193365928156	SimBa
tweet-sno-1389	Q0	vclaim-sno-maryland-billboard-guns-trump-impeachment	1	41.2525205092096	SimBa
tweet-sno-1389	Q0	vclaim-sno-hollywood-sign-altered-hollyweed	1	41.07862753359282	SimBa
tweet-sno-1389	Q0	vclaim-sno-pelosi-waters-trump-sign	1	40.930540294791406	SimBa
tweet-sno-1390	Q0	vclaim-sno-kamala-harris-protests	1	54.58449328310658	SimBa
tweet-sno-1390	Q0	vclaim-sno-deray-mckesson-and-the-summer-of-chaos	1	44.64999330649524	SimBa
tweet-sno-1390	Q0	vclaim-sno-tomi-lahren-biden-supporters-loot	1	44.36454305981699	SimBa
tweet-sno-1390	Q0	vclaim-sno-fake-aoc-purge-tweet	1	44.319570244312985	SimBa
tweet-sno-1390	Q0	vclaim-sno-anti-trump-protesters-destroy-america	1	42.530256641268046	SimBa
tweet-sno-1391	Q0	vclaim-sno-biden-trump-dregs-society	1	65.87132485270166	SimBa
tweet-sno-1391	Q0	vclaim-sno-biden-trump-xenophobic	1	51.91179446050193	SimBa
tweet-sno-1391	Q0	vclaim-sno-biden-troops-stupid-bastards	1	49.26082825715067	SimBa
tweet-sno-1391	Q0	vclaim-sno-listen-to-scientists	1	48.14818453948365	SimBa
tweet-sno-1391	Q0	vclaim-sno-harris-biden-blog-post	1	47.321291232901295	SimBa
tweet-sno-1392	Q0	vclaim-sno-biden-pandemic-black-women-grocery	1	55.27497797343665	SimBa
tweet-sno-1392	Q0	vclaim-sno-biden-kenosha-black-looting	1	44.228191931445636	SimBa
tweet-sno-1392	Q0	vclaim-sno-joe-biden-put-yall-back-in-chains	1	41.784357287793036	SimBa
tweet-sno-1392	Q0	vclaim-sno-biden-pardon-blm-protesters	1	40.523242065564155	SimBa
tweet-sno-1392	Q0	vclaim-sno-black-homeless-woman-says-trump-allowed-live-trump-tower-rent-free	1	40.41895393540853	SimBa
tweet-sno-1393	Q0	vclaim-sno-clinton-mccabe-donation	1	57.36158303242674	SimBa
tweet-sno-1393	Q0	vclaim-sno-comey-clinton-foundation	1	47.4436349442763	SimBa
tweet-sno-1393	Q0	vclaim-sno-was-hillary-clinton-offered-a-plea-deal-in-server-investigation-in-august-2017	1	46.28460201733185	SimBa
tweet-sno-1393	Q0	vclaim-sno-trump-fine-stealing-veterans	1	45.093603793565606	SimBa
tweet-sno-1393	Q0	vclaim-sno-russia-paid-donald-trump-millions-of-dollars	1	44.71156169541324	SimBa
tweet-sno-1394	Q0	vclaim-sno-gay-men-proud-boys-hashtag	1	45.020288012071234	SimBa
tweet-sno-1394	Q0	vclaim-sno-gabrielle-ludwig	1	39.60733170286059	SimBa
tweet-sno-1394	Q0	vclaim-sno-california-schools-gay-sex	1	39.06602442976731	SimBa
tweet-sno-1394	Q0	vclaim-sno-lgbtp-adding-letter	1	38.78909968153572	SimBa
tweet-sno-1394	Q0	vclaim-sno-man-pics-in-womens-bathroom	1	37.80503221330878	SimBa
tweet-sno-1395	Q0	vclaim-sno-gay-men-proud-boys-hashtag	1	54.67933943834318	SimBa
tweet-sno-1395	Q0	vclaim-sno-republican-dean-browning-gay	1	42.99255433766358	SimBa
tweet-sno-1395	Q0	vclaim-sno-trump-supporters-beat-gay-man-in-california	1	40.63920410238652	SimBa
tweet-sno-1395	Q0	vclaim-sno-obama-forces-americans-to-celebrate-gay-sex	1	40.449927557840496	SimBa
tweet-sno-1395	Q0	vclaim-sno-westboro-hero	1	40.0247440730259	SimBa
tweet-sno-1396	Q0	vclaim-sno-bikers-trump-praying-walter-reed	1	50.57933849061438	SimBa
tweet-sno-1396	Q0	vclaim-sno-motorcycle-group-trump-inauguration	1	46.888123837668296	SimBa
tweet-sno-1396	Q0	vclaim-sno-photograph-shows-100000-bikers-at-trump-rally	1	44.73791666806184	SimBa
tweet-sno-1396	Q0	vclaim-sno-bikers-kavanaugh-support-video	1	43.86134562139949	SimBa
tweet-sno-1396	Q0	vclaim-sno-nuns-at-trump-rally-maga	1	42.058931492402955	SimBa
tweet-sno-1397	Q0	vclaim-sno-trump-covid-fundraising	1	49.94842618536657	SimBa
tweet-sno-1397	Q0	vclaim-sno-trump-army-fundraising-email	1	48.95772277205825	SimBa
tweet-sno-1397	Q0	vclaim-sno-trump-campaign-september-31	1	48.917745494786224	SimBa
tweet-sno-1397	Q0	vclaim-sno-trump-donations-veterans	1	42.21978347615985	SimBa
tweet-sno-1397	Q0	vclaim-sno-russia-paid-donald-trump-millions-of-dollars	1	41.9311802283148	SimBa
tweet-sno-1398	Q0	vclaim-sno-amy-coney-barrett-rhodes-scholar	1	59.44013930681228	SimBa
tweet-sno-1398	Q0	vclaim-sno-michelle-obamas-fake-degrees	1	41.15175765105756	SimBa
tweet-sno-1398	Q0	vclaim-sno-barrett-jail-guard-ruling	1	40.96583004470055	SimBa
tweet-sno-1398	Q0	vclaim-sno-elizabeth-warren-wealthy-native-american	1	38.92226135886084	SimBa
tweet-sno-1398	Q0	vclaim-sno-malia-obama-expelled-harvard	1	38.48905880869144	SimBa
tweet-sno-1399	Q0	vclaim-sno-biden-fail-condemn-antifa	1	51.83712732390907	SimBa
tweet-sno-1399	Q0	vclaim-sno-biden-antifa-courageous-americans	1	45.436610802295064	SimBa
tweet-sno-1399	Q0	vclaim-sno-virginia-gun-rally-staged	1	45.17009578824575	SimBa
tweet-sno-1399	Q0	vclaim-sno-did-antifa-stab-vermont-man	1	44.76994742090291	SimBa
tweet-sno-1399	Q0	vclaim-sno-trump-condemn-white-supremacists	1	44.3630042668172	SimBa
tweet-sno-1400	Q0	vclaim-sno-trump-condemn-white-supremacists	1	51.071428923932395	SimBa
tweet-sno-1400	Q0	vclaim-sno-adam-butsch-gallows-post-facebook	1	41.59415339167275	SimBa
tweet-sno-1400	Q0	vclaim-sno-biden-fail-condemn-antifa	1	41.49641607782415	SimBa
tweet-sno-1400	Q0	vclaim-sno-naacp-white-supremacists	1	41.44518908433977	SimBa
tweet-sno-1400	Q0	vclaim-sno-twitter-warning-trumps-tweet	1	41.18008476638122	SimBa
tweet-sno-1401	Q0	vclaim-sno-bloomberg-campaign-prisoners	1	44.4497479107928	SimBa
tweet-sno-1401	Q0	vclaim-sno-bloomberg-pay-florida-felons-vote	1	44.27164581151713	SimBa
tweet-sno-1401	Q0	vclaim-sno-trump-biden-vote-dumps	1	44.18539787658809	SimBa
tweet-sno-1401	Q0	vclaim-sno-skinny-joey-merlino-biden	1	44.03469275569227	SimBa
tweet-sno-1401	Q0	vclaim-sno-michael-bloomberg-donald-trump	1	43.964252399201285	SimBa
